year,week,pdf_filename,pdf_valid,week_status,records_extracted,nil_evidence,notes
2022,1,week1.pdf,YES,NIL_CONFIRMED,0,No Maharashtra (MH/) outbreak alert recorded in official table,Zero outbreaks notified for Maharashtra this week
2022,2,week2.pdf,YES,MAHARASHTRA_RECORDS_PRESENT,1,,1 outbreak records extracted
2022,3,week3.pdf,YES,NIL_CONFIRMED,0,No Maharashtra (MH/) outbreak alert recorded in official table,Zero outbreaks notified for Maharashtra this week
2022,4,week4.pdf,YES,NIL_CONFIRMED,0,No Maharashtra (MH/) outbreak alert recorded in official table,Zero outbreaks notified for Maharashtra this week
2022,5,week5.pdf,YES,NIL_CONFIRMED,0,No Maharashtra (MH/) outbreak alert recorded in official table,Zero outbreaks notified for Maharashtra this week
2022,6,week6.pdf,YES,MAHARASHTRA_RECORDS_PRESENT,1,,1 outbreak records extracted
2022,7,week7.pdf,YES,NIL_CONFIRMED,0,No Maharashtra (MH/) outbreak alert recorded in official table,Zero outbreaks notified for Maharashtra this week
2022,8,week8.pdf,YES,NIL_CONFIRMED,0,No Maharashtra (MH/) outbreak alert recorded in official table,Zero outbreaks notified for Maharashtra this week
2022,9,week9.pdf,YES,MAHARASHTRA_RECORDS_PRESENT,1,,1 outbreak records extracted
2022,10,week10.pdf,YES,NIL_CONFIRMED,0,No Maharashtra (MH/) outbreak alert recorded in official table,Zero outbreaks notified for Maharashtra this week
2022,11,week11.pdf,YES,MAHARASHTRA_RECORDS_PRESENT,2,,2 outbreak records extracted
2022,12,week12.pdf,YES,MAHARASHTRA_RECORDS_PRESENT,1,,1 outbreak records extracted
2022,13,week13.pdf,YES,MAHARASHTRA_RECORDS_PRESENT,1,,1 outbreak records extracted
2022,14,week14.pdf,YES,NIL_CONFIRMED,0,No Maharashtra (MH/) outbreak alert recorded in official table,Zero outbreaks notified for Maharashtra this week
2022,15,week15.pdf,YES,NIL_CONFIRMED,0,No Maharashtra (MH/) outbreak alert recorded in official table,Zero outbreaks notified for Maharashtra this week
2022,16,week16.pdf,YES,MAHARASHTRA_RECORDS_PRESENT,1,,1 outbreak records extracted
2022,17,week17.pdf,YES,NIL_CONFIRMED,0,No Maharashtra (MH/) outbreak alert recorded in official table,Zero outbreaks notified for Maharashtra this week
2022,18,week18.pdf,YES,NIL_CONFIRMED,0,No Maharashtra (MH/) outbreak alert recorded in official table,Zero outbreaks notified for Maharashtra this week
2022,19,week19.pdf,YES,MAHARASHTRA_RECORDS_PRESENT,3,,3 outbreak records extracted
2022,20,week20.pdf,YES,MAHARASHTRA_RECORDS_PRESENT,2,,2 outbreak records extracted
2022,21,week21.pdf,YES,MAHARASHTRA_RECORDS_PRESENT,3,,3 outbreak records extracted
2022,22,week22.pdf,YES,MAHARASHTRA_RECORDS_PRESENT,5,,5 outbreak records extracted
2022,23,week23.pdf,YES,MAHARASHTRA_RECORDS_PRESENT,5,,5 outbreak records extracted
2022,24,week24.pdf,YES,MAHARASHTRA_RECORDS_PRESENT,3,,3 outbreak records extracted
2022,25,week25.pdf,YES,MAHARASHTRA_RECORDS_PRESENT,2,,2 outbreak records extracted
2022,26,week26.pdf,YES,MAHARASHTRA_RECORDS_PRESENT,2,,2 outbreak records extracted
2022,27,week27.pdf,YES,MAHARASHTRA_RECORDS_PRESENT,1,,1 outbreak records extracted
2022,28,week28.pdf,YES,MAHARASHTRA_RECORDS_PRESENT,2,,2 outbreak records extracted
2022,29,week29.pdf,YES,NIL_CONFIRMED,0,No Maharashtra (MH/) outbreak alert recorded in official table,Zero outbreaks notified for Maharashtra this week
2022,30,week30.pdf,YES,MAHARASHTRA_RECORDS_PRESENT,1,,1 outbreak records extracted
2022,31,week31.pdf,YES,MAHARASHTRA_RECORDS_PRESENT,1,,1 outbreak records extracted
2022,32,week32.pdf,YES,MAHARASHTRA_RECORDS_PRESENT,2,,2 outbreak records extracted
2022,33,week33.pdf,YES,NIL_CONFIRMED,0,No Maharashtra (MH/) outbreak alert recorded in official table,Zero outbreaks notified for Maharashtra this week
2022,34,week34.pdf,YES,MAHARASHTRA_RECORDS_PRESENT,2,,2 outbreak records extracted
2022,35,week35.pdf,YES,MAHARASHTRA_RECORDS_PRESENT,2,,2 outbreak records extracted
2022,36,week36.pdf,YES,MAHARASHTRA_RECORDS_PRESENT,1,,1 outbreak records extracted
2022,37,week37.pdf,YES,NIL_CONFIRMED,0,No Maharashtra (MH/) outbreak alert recorded in official table,Zero outbreaks notified for Maharashtra this week
2022,38,week38.pdf,YES,MAHARASHTRA_RECORDS_PRESENT,4,,4 outbreak records extracted
2022,39,week39.pdf,YES,MAHARASHTRA_RECORDS_PRESENT,1,,1 outbreak records extracted
2022,40,week40.pdf,YES,MAHARASHTRA_RECORDS_PRESENT,1,,1 outbreak records extracted
2022,41,week41.pdf,YES,MAHARASHTRA_RECORDS_PRESENT,1,,1 outbreak records extracted
2022,42,week42.pdf,YES,MAHARASHTRA_RECORDS_PRESENT,4,,4 outbreak records extracted
2022,43,week43.pdf,YES,NIL_CONFIRMED,0,No Maharashtra (MH/) outbreak alert recorded in official table,Zero outbreaks notified for Maharashtra this week
2022,44,week44.pdf,YES,MAHARASHTRA_RECORDS_PRESENT,2,,2 outbreak records extracted
2022,45,week45.pdf,YES,MAHARASHTRA_RECORDS_PRESENT,1,,1 outbreak records extracted
2022,46,week46.pdf,YES,MAHARASHTRA_RECORDS_PRESENT,9,,9 outbreak records extracted
2022,47,week47.pdf,YES,MAHARASHTRA_RECORDS_PRESENT,2,,2 outbreak records extracted
2022,48,week48.pdf,YES,NIL_CONFIRMED,0,No Maharashtra (MH/) outbreak alert recorded in official table,Zero outbreaks notified for Maharashtra this week
2022,49,week49.pdf,YES,MAHARASHTRA_RECORDS_PRESENT,3,,3 outbreak records extracted
2022,50,week50.pdf,YES,MAHARASHTRA_RECORDS_PRESENT,1,,1 outbreak records extracted
2022,51,week51.pdf,YES,MAHARASHTRA_RECORDS_PRESENT,4,,4 outbreak records extracted
2022,52,week52.pdf,YES,MAHARASHTRA_RECORDS_PRESENT,1,,1 outbreak records extracted
2023,1,week1.pdf,YES,MAHARASHTRA_RECORDS_PRESENT,3,,3 outbreak records extracted
2023,2,week2.pdf,YES,MAHARASHTRA_RECORDS_PRESENT,4,,4 outbreak records extracted
2023,3,week3.pdf,YES,MAHARASHTRA_RECORDS_PRESENT,1,,1 outbreak records extracted
2023,4,week4.pdf,YES,NIL_CONFIRMED,0,No Maharashtra (MH/) outbreak alert recorded in official table,Zero outbreaks notified for Maharashtra this week
2023,5,week5.pdf,YES,MAHARASHTRA_RECORDS_PRESENT,3,,3 outbreak records extracted
2023,6,week6.pdf,YES,NIL_CONFIRMED,0,No Maharashtra (MH/) outbreak alert recorded in official table,Zero outbreaks notified for Maharashtra this week
2023,7,week7.pdf,YES,MAHARASHTRA_RECORDS_PRESENT,2,,2 outbreak records extracted
2023,8,week8.pdf,YES,MAHARASHTRA_RECORDS_PRESENT,1,,1 outbreak records extracted
2023,9,week9.pdf,YES,MAHARASHTRA_RECORDS_PRESENT,1,,1 outbreak records extracted
2023,10,week10.pdf,YES,NIL_CONFIRMED,0,No Maharashtra (MH/) outbreak alert recorded in official table,Zero outbreaks notified for Maharashtra this week
2023,11,week11.pdf,YES,NIL_CONFIRMED,0,No Maharashtra (MH/) outbreak alert recorded in official table,Zero outbreaks notified for Maharashtra this week
2023,12,week12.pdf,YES,NIL_CONFIRMED,0,No Maharashtra (MH/) outbreak alert recorded in official table,Zero outbreaks notified for Maharashtra this week
2023,13,week13.pdf,YES,MAHARASHTRA_RECORDS_PRESENT,3,,3 outbreak records extracted
2023,14,week14.pdf,YES,NIL_CONFIRMED,0,No Maharashtra (MH/) outbreak alert recorded in official table,Zero outbreaks notified for Maharashtra this week
2023,16,week16.pdf,YES,NIL_CONFIRMED,0,No Maharashtra (MH/) outbreak alert recorded in official table,Zero outbreaks notified for Maharashtra this week
2023,17,week17.pdf,YES,MAHARASHTRA_RECORDS_PRESENT,1,,1 outbreak records extracted
2023,18,week18.pdf,YES,NIL_CONFIRMED,0,No Maharashtra (MH/) outbreak alert recorded in official table,Zero outbreaks notified for Maharashtra this week
2023,19,week19.pdf,YES,NIL_CONFIRMED,0,No Maharashtra (MH/) outbreak alert recorded in official table,Zero outbreaks notified for Maharashtra this week
2023,20,week20.pdf,YES,MAHARASHTRA_RECORDS_PRESENT,1,,1 outbreak records extracted
2023,21,week21.pdf,YES,NIL_CONFIRMED,0,No Maharashtra (MH/) outbreak alert recorded in official table,Zero outbreaks notified for Maharashtra this week
2023,22,week22.pdf,YES,MAHARASHTRA_RECORDS_PRESENT,4,,4 outbreak records extracted
2023,23,week23.pdf,YES,MAHARASHTRA_RECORDS_PRESENT,1,,1 outbreak records extracted
2023,24,week24.pdf,YES,MAHARASHTRA_RECORDS_PRESENT,3,,3 outbreak records extracted
2023,25,week25.pdf,YES,MAHARASHTRA_RECORDS_PRESENT,6,,6 outbreak records extracted
2023,26,week26.pdf,YES,MAHARASHTRA_RECORDS_PRESENT,7,,7 outbreak records extracted
2023,27,week27.pdf,YES,MAHARASHTRA_RECORDS_PRESENT,8,,8 outbreak records extracted
2023,28,week28.pdf,YES,MAHARASHTRA_RECORDS_PRESENT,4,,4 outbreak records extracted
2023,29,week29.pdf,YES,MAHARASHTRA_RECORDS_PRESENT,3,,3 outbreak records extracted
2023,30,week30.pdf,YES,MAHARASHTRA_RECORDS_PRESENT,7,,7 outbreak records extracted
2023,31,week31.pdf,YES,MAHARASHTRA_RECORDS_PRESENT,5,,5 outbreak records extracted
2023,32,week32.pdf,YES,MAHARASHTRA_RECORDS_PRESENT,3,,3 outbreak records extracted
2023,33,week33.pdf,YES,MAHARASHTRA_RECORDS_PRESENT,7,,7 outbreak records extracted
2023,34,week34.pdf,YES,MAHARASHTRA_RECORDS_PRESENT,6,,6 outbreak records extracted
2023,35,week35.pdf,YES,MAHARASHTRA_RECORDS_PRESENT,14,,14 outbreak records extracted
2023,36,week36.pdf,YES,MAHARASHTRA_RECORDS_PRESENT,6,,6 outbreak records extracted
2023,37,week37.pdf,YES,MAHARASHTRA_RECORDS_PRESENT,12,,12 outbreak records extracted
2023,38,week38.pdf,YES,MAHARASHTRA_RECORDS_PRESENT,10,,10 outbreak records extracted
2023,39,week39.pdf,YES,MAHARASHTRA_RECORDS_PRESENT,4,,4 outbreak records extracted
2023,40,week40.pdf,YES,MAHARASHTRA_RECORDS_PRESENT,10,,10 outbreak records extracted
2023,41,week41.pdf,YES,MAHARASHTRA_RECORDS_PRESENT,5,,5 outbreak records extracted
2023,42,week42.pdf,YES,MAHARASHTRA_RECORDS_PRESENT,17,,17 outbreak records extracted
2023,43,week43.pdf,YES,MAHARASHTRA_RECORDS_PRESENT,10,,10 outbreak records extracted
2023,44,week44.pdf,YES,MAHARASHTRA_RECORDS_PRESENT,5,,5 outbreak records extracted
2023,45,week45.pdf,YES,MAHARASHTRA_RECORDS_PRESENT,10,,10 outbreak records extracted
2023,46,week46.pdf,YES,NIL_CONFIRMED,0,No Maharashtra (MH/) outbreak alert recorded in official table,Zero outbreaks notified for Maharashtra this week
2023,47,week47.pdf,YES,MAHARASHTRA_RECORDS_PRESENT,4,,4 outbreak records extracted
2023,48,week48.pdf,YES,MAHARASHTRA_RECORDS_PRESENT,1,,1 outbreak records extracted
2023,49,week49.pdf,YES,MAHARASHTRA_RECORDS_PRESENT,5,,5 outbreak records extracted
2023,50,week50_1788952212.pdf,YES,MAHARASHTRA_RECORDS_PRESENT,5,,5 outbreak records extracted
2024,1,week1_1788951246.pdf,YES,MAHARASHTRA_RECORDS_PRESENT,7,,7 outbreak records extracted
2024,2,week2_1788951271.pdf,YES,MAHARASHTRA_RECORDS_PRESENT,1,,1 outbreak records extracted
2024,3,week3_1788951287.pdf,YES,MAHARASHTRA_RECORDS_PRESENT,3,,3 outbreak records extracted
2024,4,week4_1788951299.pdf,YES,MAHARASHTRA_RECORDS_PRESENT,2,,2 outbreak records extracted
2024,5,week5_1788951308.pdf,YES,MAHARASHTRA_RECORDS_PRESENT,2,,2 outbreak records extracted
2024,6,week6_1788951327.pdf,YES,MAHARASHTRA_RECORDS_PRESENT,6,,6 outbreak records extracted
2024,7,week7_1788951339.pdf,YES,MAHARASHTRA_RECORDS_PRESENT,3,,3 outbreak records extracted
2024,8,week8_1788951359.pdf,YES,MAHARASHTRA_RECORDS_PRESENT,3,,3 outbreak records extracted
2024,9,week9_1788951370.pdf,YES,MAHARASHTRA_RECORDS_PRESENT,3,,3 outbreak records extracted
2024,10,week10_1788951380.pdf,YES,MAHARASHTRA_RECORDS_PRESENT,7,,7 outbreak records extracted
2024,11,week11_1788951396.pdf,YES,MAHARASHTRA_RECORDS_PRESENT,11,,11 outbreak records extracted
2024,12,week12_1788951408.pdf,YES,MAHARASHTRA_RECORDS_PRESENT,4,,4 outbreak records extracted
2024,13,week13_1788951420.pdf,YES,MAHARASHTRA_RECORDS_PRESENT,2,,2 outbreak records extracted
2024,14,week14_1788951433.pdf,YES,MAHARASHTRA_RECORDS_PRESENT,1,,1 outbreak records extracted
2024,15,week15_1788951443.pdf,YES,MAHARASHTRA_RECORDS_PRESENT,9,,9 outbreak records extracted
2024,16,week16_1788951454.pdf,YES,MAHARASHTRA_RECORDS_PRESENT,6,,6 outbreak records extracted
2024,17,week17_1788951485.pdf,YES,MAHARASHTRA_RECORDS_PRESENT,7,,7 outbreak records extracted
2024,18,week18_1788951496.pdf,YES,MAHARASHTRA_RECORDS_PRESENT,7,,7 outbreak records extracted
2024,19,week19_1788951508.pdf,YES,MAHARASHTRA_RECORDS_PRESENT,2,,2 outbreak records extracted
2024,20,week20_1788951522.pdf,YES,MAHARASHTRA_RECORDS_PRESENT,7,,7 outbreak records extracted
2024,21,week21_1788951532.pdf,YES,MAHARASHTRA_RECORDS_PRESENT,6,,6 outbreak records extracted
2024,22,week22_1788951544.pdf,YES,MAHARASHTRA_RECORDS_PRESENT,4,,4 outbreak records extracted
2024,23,week23_1788951559.pdf,YES,MAHARASHTRA_RECORDS_PRESENT,4,,4 outbreak records extracted
2024,24,week24_1788951570.pdf,YES,MAHARASHTRA_RECORDS_PRESENT,9,,9 outbreak records extracted
2024,25,week25_1788951582.pdf,YES,MAHARASHTRA_RECORDS_PRESENT,4,,4 outbreak records extracted
2024,26,week26_1788951715.pdf,YES,MAHARASHTRA_RECORDS_PRESENT,18,,18 outbreak records extracted
2024,27,week27_1788951732.pdf,YES,MAHARASHTRA_RECORDS_PRESENT,5,,5 outbreak records extracted
2024,28,week28_1788951744.pdf,YES,MAHARASHTRA_RECORDS_PRESENT,16,,16 outbreak records extracted
2024,29,week29_1788951764.pdf,YES,MAHARASHTRA_RECORDS_PRESENT,11,,11 outbreak records extracted
2024,30,week30_1788951797.pdf,YES,MAHARASHTRA_RECORDS_PRESENT,10,,10 outbreak records extracted
2024,31,week31_1788951810.pdf,YES,MAHARASHTRA_RECORDS_PRESENT,13,,13 outbreak records extracted
2024,32,week32_1788951820.pdf,YES,MAHARASHTRA_RECORDS_PRESENT,8,,8 outbreak records extracted
2024,33,week33_1788951845.pdf,YES,MAHARASHTRA_RECORDS_PRESENT,4,,4 outbreak records extracted
2024,34,week34_1788951861.pdf,YES,MAHARASHTRA_RECORDS_PRESENT,5,,5 outbreak records extracted
2024,35,week35_1788951873.pdf,YES,MAHARASHTRA_RECORDS_PRESENT,4,,4 outbreak records extracted
2024,36,week36_1788951892.pdf,YES,MAHARASHTRA_RECORDS_PRESENT,7,,7 outbreak records extracted
2024,37,week37_1788951903.pdf,YES,MAHARASHTRA_RECORDS_PRESENT,5,,5 outbreak records extracted
2024,38,week38_1788951915.pdf,YES,MAHARASHTRA_RECORDS_PRESENT,4,,4 outbreak records extracted
2024,39,week39_1788951925.pdf,YES,MAHARASHTRA_RECORDS_PRESENT,7,,7 outbreak records extracted
2024,40,week40_1788951939.pdf,YES,MAHARASHTRA_RECORDS_PRESENT,6,,6 outbreak records extracted
2024,41,week41_1788951950.pdf,YES,MAHARASHTRA_RECORDS_PRESENT,3,,3 outbreak records extracted
2024,42,week42_1788951961.pdf,YES,MAHARASHTRA_RECORDS_PRESENT,10,,10 outbreak records extracted
2024,43,week43_1788951974.pdf,YES,MAHARASHTRA_RECORDS_PRESENT,3,,3 outbreak records extracted
2024,44,week44_1788951993.pdf,YES,MAHARASHTRA_RECORDS_PRESENT,3,,3 outbreak records extracted
2024,45,week45_1788952004.pdf,YES,MAHARASHTRA_RECORDS_PRESENT,2,,2 outbreak records extracted
2024,46,week46_1788952017.pdf,YES,MAHARASHTRA_RECORDS_PRESENT,4,,4 outbreak records extracted
2024,47,week47_1788952028.pdf,YES,MAHARASHTRA_RECORDS_PRESENT,1,,1 outbreak records extracted
2024,48,week48_1788952041.pdf,YES,MAHARASHTRA_RECORDS_PRESENT,8,,8 outbreak records extracted
2024,49,week49_1788952055.pdf,YES,MAHARASHTRA_RECORDS_PRESENT,1,,1 outbreak records extracted
2024,50,week50_1788952068.pdf,YES,MAHARASHTRA_RECORDS_PRESENT,3,,3 outbreak records extracted
2024,51,week51_1788952079.pdf,YES,MAHARASHTRA_RECORDS_PRESENT,3,,3 outbreak records extracted
2024,52,week52_1788952090.pdf,YES,MAHARASHTRA_RECORDS_PRESENT,3,,3 outbreak records extracted
2025,1,week1_1788948201.pdf,YES,MAHARASHTRA_RECORDS_PRESENT,3,,3 outbreak records extracted
2025,2,week2_1788950093.pdf,YES,MAHARASHTRA_RECORDS_PRESENT,1,,1 outbreak records extracted
2025,3,week3_1788950195.pdf,YES,MAHARASHTRA_RECORDS_PRESENT,2,,2 outbreak records extracted
2025,4,week4_1788950209.pdf,YES,MAHARASHTRA_RECORDS_PRESENT,5,,5 outbreak records extracted
2025,5,week5_1788950221.pdf,YES,MAHARASHTRA_RECORDS_PRESENT,2,,2 outbreak records extracted
2025,6,week6_1788950233.pdf,YES,MAHARASHTRA_RECORDS_PRESENT,3,,3 outbreak records extracted
2025,7,week7_1789017204.pdf,YES,MAHARASHTRA_RECORDS_PRESENT,9,,9 outbreak records extracted
2025,8,week8_1788950267.pdf,YES,MAHARASHTRA_RECORDS_PRESENT,2,,2 outbreak records extracted
2025,9,week9_1788950284.pdf,YES,MAHARASHTRA_RECORDS_PRESENT,5,,5 outbreak records extracted
2025,10,week10_1788950298.pdf,YES,MAHARASHTRA_RECORDS_PRESENT,4,,4 outbreak records extracted
2025,11,week11_1788950540.pdf,YES,MAHARASHTRA_RECORDS_PRESENT,3,,3 outbreak records extracted
2025,12,week12_1788950562.pdf,YES,MAHARASHTRA_RECORDS_PRESENT,1,,1 outbreak records extracted
2025,13,week13_1788950576.pdf,YES,NIL_CONFIRMED,0,No Maharashtra (MH/) outbreak alert recorded in official table,Zero outbreaks notified for Maharashtra this week
2025,14,week14_1788950590.pdf,YES,NIL_CONFIRMED,0,No Maharashtra (MH/) outbreak alert recorded in official table,Zero outbreaks notified for Maharashtra this week
2025,15,week15_1788950605.pdf,YES,MAHARASHTRA_RECORDS_PRESENT,3,,3 outbreak records extracted
2025,16,week16_1788950618.pdf,YES,MAHARASHTRA_RECORDS_PRESENT,3,,3 outbreak records extracted
2025,17,week17_1788950632.pdf,YES,MAHARASHTRA_RECORDS_PRESENT,1,,1 outbreak records extracted
2025,18,week18_1788950653.pdf,YES,MAHARASHTRA_RECORDS_PRESENT,2,,2 outbreak records extracted
2025,19,week19_1788950700.pdf,YES,MAHARASHTRA_RECORDS_PRESENT,2,,2 outbreak records extracted
2025,20,week20_1788950712.pdf,YES,MAHARASHTRA_RECORDS_PRESENT,2,,2 outbreak records extracted
2025,21,week21_1788950729.pdf,YES,MAHARASHTRA_RECORDS_PRESENT,2,,2 outbreak records extracted
2025,22,week22_1788950742.pdf,YES,MAHARASHTRA_RECORDS_PRESENT,4,,4 outbreak records extracted
2025,23,week23_1788950756.pdf,YES,MAHARASHTRA_RECORDS_PRESENT,3,,3 outbreak records extracted
2025,24,week24_1788950775.pdf,YES,MAHARASHTRA_RECORDS_PRESENT,7,,7 outbreak records extracted
2025,25,week25_1788950790.pdf,YES,MAHARASHTRA_RECORDS_PRESENT,1,,1 outbreak records extracted
2025,26,week26_1788950806.pdf,YES,MAHARASHTRA_RECORDS_PRESENT,7,,7 outbreak records extracted
2025,27,week27_1788950821.pdf,YES,MAHARASHTRA_RECORDS_PRESENT,4,,4 outbreak records extracted
2025,28,week28_1788950832.pdf,YES,MAHARASHTRA_RECORDS_PRESENT,8,,8 outbreak records extracted
2025,29,week29_1788950846.pdf,YES,MAHARASHTRA_RECORDS_PRESENT,3,,3 outbreak records extracted
2025,30,week30_1788950862.pdf,YES,MAHARASHTRA_RECORDS_PRESENT,1,,1 outbreak records extracted
2025,31,week31_1788950885.pdf,YES,MAHARASHTRA_RECORDS_PRESENT,2,,2 outbreak records extracted
2025,32,week32_1788950897.pdf,YES,MAHARASHTRA_RECORDS_PRESENT,6,,6 outbreak records extracted
2025,33,week33_1788950912.pdf,YES,MAHARASHTRA_RECORDS_PRESENT,6,,6 outbreak records extracted
2025,34,week34_1788950927.pdf,YES,MAHARASHTRA_RECORDS_PRESENT,3,,3 outbreak records extracted
2025,35,week35_1788950942.pdf,YES,MAHARASHTRA_RECORDS_PRESENT,4,,4 outbreak records extracted
2025,36,week36_1788950955.pdf,YES,NIL_CONFIRMED,0,No Maharashtra (MH/) outbreak alert recorded in official table,Zero outbreaks notified for Maharashtra this week
2025,37,week37_1788950985.pdf,YES,MAHARASHTRA_RECORDS_PRESENT,4,,4 outbreak records extracted
2025,38,week38_1788950998.pdf,YES,MAHARASHTRA_RECORDS_PRESENT,5,,5 outbreak records extracted
2025,39,week39_1788951010.pdf,YES,MAHARASHTRA_RECORDS_PRESENT,4,,4 outbreak records extracted
2025,40,week40_1788951022.pdf,YES,MAHARASHTRA_RECORDS_PRESENT,4,,4 outbreak records extracted
2025,41,week41_1788951032.pdf,YES,MAHARASHTRA_RECORDS_PRESENT,2,,2 outbreak records extracted
2025,42,week42_1788951043.pdf,YES,MAHARASHTRA_RECORDS_PRESENT,5,,5 outbreak records extracted
2025,43,week43_1788951058.pdf,YES,MAHARASHTRA_RECORDS_PRESENT,1,,1 outbreak records extracted
2025,44,week44_1788951072.pdf,YES,MAHARASHTRA_RECORDS_PRESENT,6,,6 outbreak records extracted
2025,45,week45_1788951083.pdf,YES,MAHARASHTRA_RECORDS_PRESENT,4,,4 outbreak records extracted
2025,46,week46_1788951104.pdf,YES,MAHARASHTRA_RECORDS_PRESENT,1,,1 outbreak records extracted
2025,47,week47_1788951120.pdf,YES,MAHARASHTRA_RECORDS_PRESENT,2,,2 outbreak records extracted
2025,48,week48_1788951132.pdf,YES,MAHARASHTRA_RECORDS_PRESENT,4,,4 outbreak records extracted
2025,49,week49_1788951145.pdf,YES,MAHARASHTRA_RECORDS_PRESENT,6,,6 outbreak records extracted
2025,50,week50_1788951159.pdf,YES,MAHARASHTRA_RECORDS_PRESENT,2,,2 outbreak records extracted
2025,51,week51_1788951172.pdf,YES,NIL_CONFIRMED,0,No Maharashtra (MH/) outbreak alert recorded in official table,Zero outbreaks notified for Maharashtra this week
2025,52,week52_1788951185.pdf,YES,MAHARASHTRA_RECORDS_PRESENT,1,,1 outbreak records extracted
2026,1,week1_1788853592.pdf,YES,MAHARASHTRA_RECORDS_PRESENT,2,,2 outbreak records extracted
2026,2,week2_1788856445.pdf,YES,MAHARASHTRA_RECORDS_PRESENT,2,,2 outbreak records extracted
2026,3,week3_1788857181.pdf,YES,MAHARASHTRA_RECORDS_PRESENT,2,,2 outbreak records extracted
2026,4,week4_1788856484.pdf,YES,MAHARASHTRA_RECORDS_PRESENT,1,,1 outbreak records extracted
2026,5,week5_1788856507.pdf,YES,MAHARASHTRA_RECORDS_PRESENT,2,,2 outbreak records extracted
2026,6,week6_1788856531.pdf,YES,MAHARASHTRA_RECORDS_PRESENT,1,,1 outbreak records extracted
2026,7,week7_1788856546.pdf,YES,MAHARASHTRA_RECORDS_PRESENT,3,,3 outbreak records extracted
2026,8,week8_1788856560.pdf,YES,MAHARASHTRA_RECORDS_PRESENT,3,,3 outbreak records extracted
2026,9,week9_1788856576.pdf,YES,MAHARASHTRA_RECORDS_PRESENT,1,,1 outbreak records extracted
2026,10,week10_1788856598.pdf,YES,MAHARASHTRA_RECORDS_PRESENT,4,,4 outbreak records extracted
2026,11,week11_1788856616.pdf,YES,NIL_CONFIRMED,0,No Maharashtra (MH/) outbreak alert recorded in official table,Zero outbreaks notified for Maharashtra this week
2026,12,week12_1788856634.pdf,YES,MAHARASHTRA_RECORDS_PRESENT,4,,4 outbreak records extracted
2026,13,week13_1788856653.pdf,YES,MAHARASHTRA_RECORDS_PRESENT,2,,2 outbreak records extracted
2026,14,week14_1788856669.pdf,YES,MAHARASHTRA_RECORDS_PRESENT,2,,2 outbreak records extracted
2026,15,week15_1788856683.pdf,YES,MAHARASHTRA_RECORDS_PRESENT,5,,5 outbreak records extracted
2026,16,week16_1788856701.pdf,YES,MAHARASHTRA_RECORDS_PRESENT,2,,2 outbreak records extracted
2026,17,week17_1788856716.pdf,YES,MAHARASHTRA_RECORDS_PRESENT,2,,2 outbreak records extracted
2026,18,week18_1788856733.pdf,YES,NIL_CONFIRMED,0,No Maharashtra (MH/) outbreak alert recorded in official table,Zero outbreaks notified for Maharashtra this week
2026,19,week19_1788856754.pdf,YES,NIL_CONFIRMED,0,No Maharashtra (MH/) outbreak alert recorded in official table,Zero outbreaks notified for Maharashtra this week
2026,20,week20_1788856772.pdf,YES,MAHARASHTRA_RECORDS_PRESENT,2,,2 outbreak records extracted
2026,21,week21_1788856793.pdf,YES,MAHARASHTRA_RECORDS_PRESENT,3,,3 outbreak records extracted
2026,22,week22_1788856809.pdf,YES,MAHARASHTRA_RECORDS_PRESENT,3,,3 outbreak records extracted
2026,23,week23_1788856825.pdf,YES,MAHARASHTRA_RECORDS_PRESENT,3,,3 outbreak records extracted
2026,24,week24_1788856872.pdf,YES,MAHARASHTRA_RECORDS_PRESENT,1,,1 outbreak records extracted
2026,25,week25_1788856887.pdf,YES,MAHARASHTRA_RECORDS_PRESENT,2,,2 outbreak records extracted
2026,26,week26_1788856902.pdf,YES,MAHARASHTRA_RECORDS_PRESENT,7,,7 outbreak records extracted
2026,27,week27_1788856919.pdf,YES,MAHARASHTRA_RECORDS_PRESENT,1,,1 outbreak records extracted
2026,28,week28_1788942657.pdf,YES,MAHARASHTRA_RECORDS_PRESENT,4,,4 outbreak records extracted
2026,29,week29_1789533489.pdf,YES,MAHARASHTRA_RECORDS_PRESENT,3,,3 outbreak records extracted
2026,30,week30_1789731731.pdf,YES,MAHARASHTRA_RECORDS_PRESENT,3,,3 outbreak records extracted
2026,31,week31_1790077762.pdf,YES,MAHARASHTRA_RECORDS_PRESENT,3,,3 outbreak records extracted
2026,32,week32_1790680151.pdf,YES,MAHARASHTRA_RECORDS_PRESENT,3,,3 outbreak records extracted