year,week,source_url,local_file,http_status,file_size_bytes,sha256,download_status
2022,25,https://ncdc.mohfw.gov.in/uploads/weekly_outbreaks/2022/week25.pdf,NCDC weekly outbreaks/2022/week25.pdf,200,602320,fc5134cc29ae8d47d096dd73710c8ae6dc0038431a79539212c0360c28628601,SUCCESS
2022,26,https://ncdc.mohfw.gov.in/uploads/weekly_outbreaks/2022/week26.pdf,NCDC weekly outbreaks/2022/week26.pdf,200,594553,26e58907f5dbc6da4b7b168c85f198f52776d3ce7595f0d1de5a492d36064900,SUCCESS
2022,27,https://ncdc.mohfw.gov.in/uploads/weekly_outbreaks/2022/week27.pdf,NCDC weekly outbreaks/2022/week27.pdf,200,727890,9cd8000dbc0c41bda03f793357e8e7845aef80de56f8f53aca14863080c9bc18,SUCCESS
2022,28,https://ncdc.mohfw.gov.in/uploads/weekly_outbreaks/2022/week28.pdf,NCDC weekly outbreaks/2022/week28.pdf,200,692916,424f3c1e303679301c7082777200d5f6a671274cd4beccb2c7bda2c3fa62524f,SUCCESS
2022,29,https://ncdc.mohfw.gov.in/uploads/weekly_outbreaks/2022/week29.pdf,NCDC weekly outbreaks/2022/week29.pdf,200,708983,6fb99fefcabed95ab93990092d19e7e40b5a9de101b4867040133f06dfda95d7,SUCCESS
2022,30,https://ncdc.mohfw.gov.in/uploads/weekly_outbreaks/2022/week30.pdf,NCDC weekly outbreaks/2022/week30.pdf,200,727693,8334e5e4d3d93c0f1450b5852150f5da88c3f459a6b0f3451629f873ce6de556,SUCCESS
2022,31,https://ncdc.mohfw.gov.in/uploads/weekly_outbreaks/2022/week31.pdf,NCDC weekly outbreaks/2022/week31.pdf,200,577995,1bd5ba4176f228c2caae5bd057ab7e77dc298908c8e82d9cfc8a5506c5ce84ff,SUCCESS
2022,32,https://ncdc.mohfw.gov.in/uploads/weekly_outbreaks/2022/week32.pdf,NCDC weekly outbreaks/2022/week32.pdf,200,541728,e1520b7bc87c9bdedff2d25ff859874784235a1acb9efaf54d6646593323e8c5,SUCCESS
2022,33,https://ncdc.mohfw.gov.in/uploads/weekly_outbreaks/2022/week33.pdf,NCDC weekly outbreaks/2022/week33.pdf,200,554305,584baae558e8a04340d52b4a99c91232c81e158dd3b870f1b12302b215a1b5ad,SUCCESS
2022,34,https://ncdc.mohfw.gov.in/uploads/weekly_outbreaks/2022/week34.pdf,NCDC weekly outbreaks/2022/week34.pdf,200,772149,9d6aa44e2fdcf89c794471885916dcb9dba45487f536c621eab29118b47932b7,SUCCESS
2022,35,https://ncdc.mohfw.gov.in/uploads/weekly_outbreaks/2022/week35.pdf,NCDC weekly outbreaks/2022/week35.pdf,200,610188,a364fe271b3869f393d8ff59ba5b97acbac48846a1bcc88e8333dfef29241b55,SUCCESS
2022,36,https://ncdc.mohfw.gov.in/uploads/weekly_outbreaks/2022/week36.pdf,NCDC weekly outbreaks/2022/week36.pdf,200,762129,c955643339d9d2131b3ce91ecb3d3937b7bf82b0dc826be6857cd05e21b815d1,SUCCESS
2022,37,https://ncdc.mohfw.gov.in/uploads/weekly_outbreaks/2022/week37.pdf,NCDC weekly outbreaks/2022/week37.pdf,200,709492,9a893e632f790181e8714cbb815ee4f0fa36a93a651e522741bbae992158a011,SUCCESS
2022,38,https://ncdc.mohfw.gov.in/uploads/weekly_outbreaks/2022/week38.pdf,NCDC weekly outbreaks/2022/week38.pdf,200,761630,f6f1bf2b444548d7d76616f69f6620e86bc19aa4c609d87d2104d75adfd23178,SUCCESS
2022,39,https://ncdc.mohfw.gov.in/uploads/weekly_outbreaks/2022/week39.pdf,NCDC weekly outbreaks/2022/week39.pdf,200,575968,c7d91473ce75951664e725f49fd118757210ba26145573dadd02a5bb51864311,SUCCESS
2022,40,https://ncdc.mohfw.gov.in/uploads/weekly_outbreaks/2022/week40.pdf,NCDC weekly outbreaks/2022/week40.pdf,200,507428,d3924a7c6d3a0f4dd97732a01c36d6c7eeb8bfc2b6ad98324298803fd4077b89,SUCCESS
2022,41,https://ncdc.mohfw.gov.in/uploads/weekly_outbreaks/2022/week41.pdf,NCDC weekly outbreaks/2022/week41.pdf,200,700560,22ce6480c59d86a1ee41657edd6ac18aa2e6e3f316f83f7c460afe8df925ebe1,SUCCESS
2022,42,https://ncdc.mohfw.gov.in/uploads/weekly_outbreaks/2022/week42.pdf,NCDC weekly outbreaks/2022/week42.pdf,200,643714,57d465cdf6e5bd0114ae3013eaa924e9e01311c17cef9c462e33151f144c6abb,SUCCESS
2022,43,https://ncdc.mohfw.gov.in/uploads/weekly_outbreaks/2022/week43.pdf,NCDC weekly outbreaks/2022/week43.pdf,200,667778,4ddc9a7c104a28aac6a3e9898fcc395946bc6e496428fa07fc63fd81f4305386,SUCCESS
2022,44,https://ncdc.mohfw.gov.in/uploads/weekly_outbreaks/2022/week44.pdf,NCDC weekly outbreaks/2022/week44.pdf,200,563304,8628a11b64d0707c1784812104b9197a3f15e15cdc90a3b692da9bb59821e0c1,SUCCESS
2022,45,https://ncdc.mohfw.gov.in/uploads/weekly_outbreaks/2022/week45.pdf,NCDC weekly outbreaks/2022/week45.pdf,200,692311,7367e44dc2239be9d442e3bffefaca85aa765e5c5f5646d4b6268a9a0ee969d3,SUCCESS
2022,46,https://ncdc.mohfw.gov.in/uploads/weekly_outbreaks/2022/week46.pdf,NCDC weekly outbreaks/2022/week46.pdf,200,620621,437f97b4b09fb9d39c3a4d2e730f4e5d2f53d8f760c1e914bb0505691975ae0b,SUCCESS
2022,47,https://ncdc.mohfw.gov.in/uploads/weekly_outbreaks/2022/week47.pdf,NCDC weekly outbreaks/2022/week47.pdf,200,662211,8c029d9e05b27046c2f453654a24cf768710487766dd01942a77380a25970d0b,SUCCESS
2022,48,https://ncdc.mohfw.gov.in/uploads/weekly_outbreaks/2022/week48.pdf,NCDC weekly outbreaks/2022/week48.pdf,200,692517,5d985fa5de005a7897b9da63af9750d3c998b3e426245eff5092f5ce674eafef,SUCCESS
2022,49,https://ncdc.mohfw.gov.in/uploads/weekly_outbreaks/2022/week49.pdf,NCDC weekly outbreaks/2022/week49.pdf,200,733441,0dce0ca5d5ffd3922c7447d561f34da15083c98e25394dbabb18a5b91b5466f8,SUCCESS
2022,50,https://ncdc.mohfw.gov.in/uploads/weekly_outbreaks/2022/week50.pdf,NCDC weekly outbreaks/2022/week50.pdf,200,532785,d9a17263aeb55af8e2e20a49ef23c57c4d1d1234330446619d521c7498db7367,SUCCESS
2022,51,https://ncdc.mohfw.gov.in/uploads/weekly_outbreaks/2022/week51.pdf,NCDC weekly outbreaks/2022/week51.pdf,200,589863,67f93ca66fdfaa50382b31cf5dd8fb9a2fb50ede2be806b1251d1bb1eaf7d382,SUCCESS
2022,52,https://ncdc.mohfw.gov.in/uploads/weekly_outbreaks/2022/week52.pdf,NCDC weekly outbreaks/2022/week52.pdf,200,636880,0f337d5382ab1c2a1e9ab50b28e89d60a0224666cfc772f21dae1f4691dd0f5c,SUCCESS
2023,1,https://ncdc.mohfw.gov.in/uploads/weekly_outbreaks/2023/week1.pdf,NCDC weekly outbreaks/2023/week1.pdf,200,752120,0967646554b539d860e6a7ef1de703bc1a0547bc132302b7f2cb0fed16f12c94,SUCCESS
2023,2,https://ncdc.mohfw.gov.in/uploads/weekly_outbreaks/2023/week2.pdf,NCDC weekly outbreaks/2023/week2.pdf,200,674024,65a6d2d9d787acb50d3cd76204e934980ef9658c0f4fb6798fd6fdff1963a9e9,SUCCESS
2023,3,https://ncdc.mohfw.gov.in/uploads/weekly_outbreaks/2023/week3.pdf,NCDC weekly outbreaks/2023/week3.pdf,200,564808,79aed23d488def365aa41d8be0ea2833b3763419b3e452a3aae2cba5cc192717,SUCCESS
2023,4,https://ncdc.mohfw.gov.in/uploads/weekly_outbreaks/2023/week4.pdf,NCDC weekly outbreaks/2023/week4.pdf,200,543549,523e3b33c47580c387deb1160bbba6820b6bcf42b4e8febb736de80275f94ac2,SUCCESS
2023,5,https://ncdc.mohfw.gov.in/uploads/weekly_outbreaks/2023/week5.pdf,NCDC weekly outbreaks/2023/week5.pdf,200,653250,9a74906cbb692e9f2949717dd1b6c792c42a10dada97f049cfca79b8e301f97c,SUCCESS
2023,6,https://ncdc.mohfw.gov.in/uploads/weekly_outbreaks/2023/week6.pdf,NCDC weekly outbreaks/2023/week6.pdf,200,724717,85e07473a566c87126903a8acc3227f2f378e523a950bb2e488eca2aa615a605,SUCCESS
2023,7,https://ncdc.mohfw.gov.in/uploads/weekly_outbreaks/2023/week7.pdf,NCDC weekly outbreaks/2023/week7.pdf,200,715956,dc385b24d2735e4eef865613fb48504e230f4cfe97aa2b7f873485e8dba3b433,SUCCESS
2023,8,https://ncdc.mohfw.gov.in/uploads/weekly_outbreaks/2023/week8.pdf,NCDC weekly outbreaks/2023/week8.pdf,200,723525,4feea561ef547e2c7fbff96f48b69e9e084b943abcc591690fab3801858db3c1,SUCCESS
2023,9,https://ncdc.mohfw.gov.in/uploads/weekly_outbreaks/2023/week9.pdf,NCDC weekly outbreaks/2023/week9.pdf,200,554693,52d6337aca9047a3132e59bc2c127e2c5c789a2bdc90ab15bb2a67357758bde9,SUCCESS
2023,10,https://ncdc.mohfw.gov.in/uploads/weekly_outbreaks/2023/week10.pdf,NCDC weekly outbreaks/2023/week10.pdf,200,788360,f1987bc5b6945841ed47f0065318483b44385a7a77cd6bb76c468c7e58a58717,SUCCESS
2023,11,https://ncdc.mohfw.gov.in/uploads/weekly_outbreaks/2023/week11.pdf,NCDC weekly outbreaks/2023/week11.pdf,200,580905,0656ed4606b41e5da8a4ad10d83779a8621e52ba4dbf2e5624247c32cd794eb1,SUCCESS
2023,12,https://ncdc.mohfw.gov.in/uploads/weekly_outbreaks/2023/week12.pdf,NCDC weekly outbreaks/2023/week12.pdf,200,692863,82cdc78f49d14bdd9dae9e656b3ac7ae1da55d624b420cccd8690f656f02e8c3,SUCCESS
2023,13,https://ncdc.mohfw.gov.in/uploads/weekly_outbreaks/2023/week13.pdf,NCDC weekly outbreaks/2023/week13.pdf,200,569538,39e9117510444ae701eca093f2a25b5a53f11e5040c34b66b6c3e09bcef07369,SUCCESS
2023,14,https://ncdc.mohfw.gov.in/uploads/weekly_outbreaks/2023/week14.pdf,NCDC weekly outbreaks/2023/week14.pdf,200,726035,721830da06b1b69be7911627074a0b8c4b6a40613190bb45d255480e44cf98d2,SUCCESS
2023,16,https://ncdc.mohfw.gov.in/uploads/weekly_outbreaks/2023/week16.pdf,NCDC weekly outbreaks/2023/week16.pdf,200,711221,5c94ddc23e881ebe6ab6033d0f012bd16020f8cab16e4333cb4fdce4ba8aa8e0,SUCCESS
2023,17,https://ncdc.mohfw.gov.in/uploads/weekly_outbreaks/2023/week17.pdf,NCDC weekly outbreaks/2023/week17.pdf,200,690913,ef29059b6682b7f0145fd8244ab1923208d6c7f264ee7f5053f8526410fbcdf4,SUCCESS
2023,18,https://ncdc.mohfw.gov.in/uploads/weekly_outbreaks/2023/week18.pdf,NCDC weekly outbreaks/2023/week18.pdf,200,750115,9c1e84ab04f22f0916f8e1ce290ee42979fb17b76227414f061429055f7ab435,SUCCESS
2023,19,https://ncdc.mohfw.gov.in/uploads/weekly_outbreaks/2023/week19.pdf,NCDC weekly outbreaks/2023/week19.pdf,200,701263,a775fcd03499a3c18f1b391045706b354acf4524589e19468ae870c2079bb79d,SUCCESS
2023,20,https://ncdc.mohfw.gov.in/uploads/weekly_outbreaks/2023/week20.pdf,NCDC weekly outbreaks/2023/week20.pdf,200,588832,89772b6097fa81af3775c662caeafcd7abdc50772aab8031ebdb8cace963f8cb,SUCCESS
2023,21,https://ncdc.mohfw.gov.in/uploads/weekly_outbreaks/2023/week21.pdf,NCDC weekly outbreaks/2023/week21.pdf,200,623632,cc18df76d937d94ad0287f4e053e10b74b4eb5aaca16e6ce82bce76b5e3a2cfb,SUCCESS
2023,22,https://ncdc.mohfw.gov.in/uploads/weekly_outbreaks/2023/week22.pdf,NCDC weekly outbreaks/2023/week22.pdf,200,707818,3dab9280e9301824378007f6fda96c9c3884657726e66db928de0352e69134a1,SUCCESS
2023,23,https://ncdc.mohfw.gov.in/uploads/weekly_outbreaks/2023/week23.pdf,NCDC weekly outbreaks/2023/week23.pdf,200,733034,24fad7caa8f17d8f9b3edfbde6f1088cc90b8937b4fb83b678b68e06daba0999,SUCCESS
2023,24,https://ncdc.mohfw.gov.in/uploads/weekly_outbreaks/2023/week24.pdf,NCDC weekly outbreaks/2023/week24.pdf,200,633515,6d85a8f2703a22d1ecfbdae7c4d5b587b913f7b337cf824164cd771db8ea31af,SUCCESS
2023,25,https://ncdc.mohfw.gov.in/uploads/weekly_outbreaks/2023/week25.pdf,NCDC weekly outbreaks/2023/week25.pdf,200,942537,8e9a054d67dec4ccd9bb7dd22d0bb18f82696f89c07e19d5ed6e606e9b3bc210,SUCCESS
2023,26,https://ncdc.mohfw.gov.in/uploads/weekly_outbreaks/2023/week26.pdf,NCDC weekly outbreaks/2023/week26.pdf,200,917768,dd2ee6bf01d18c01f10c1de40bbd2aabac2898407782a433e99f93e4c7af9403,SUCCESS
2023,27,https://ncdc.mohfw.gov.in/uploads/weekly_outbreaks/2023/week27.pdf,NCDC weekly outbreaks/2023/week27.pdf,200,864450,7608caf4413beb285116a8605ada1c6bd0c5fa2597d19ca55788addff410ce1a,SUCCESS
2023,28,https://ncdc.mohfw.gov.in/uploads/weekly_outbreaks/2023/week28.pdf,NCDC weekly outbreaks/2023/week28.pdf,200,877260,c758f3b571a037802b57b539d3360e1e963fb44876bb513ace9f84a8900cf6a4,SUCCESS
2023,29,https://ncdc.mohfw.gov.in/uploads/weekly_outbreaks/2023/week29.pdf,NCDC weekly outbreaks/2023/week29.pdf,200,755578,ebb160d384d404f675d029fa89b5a09f500858505724f5d91fc048562daecffd,SUCCESS
2023,30,https://ncdc.mohfw.gov.in/uploads/weekly_outbreaks/2023/week30.pdf,NCDC weekly outbreaks/2023/week30.pdf,200,726902,c05e4289e9585bb684131276d4dca870bce0d97ce89296ee395631d71ef554ac,SUCCESS
2023,31,https://ncdc.mohfw.gov.in/uploads/weekly_outbreaks/2023/week31.pdf,NCDC weekly outbreaks/2023/week31.pdf,200,851745,584ac91eb48e4c7c1be2e2d1a93fd905ae5da4089465b9663d3549ca65fb4768,SUCCESS
2023,32,https://ncdc.mohfw.gov.in/uploads/weekly_outbreaks/2023/week32.pdf,NCDC weekly outbreaks/2023/week32.pdf,200,689392,4bd7b7f5a418676ded944612ffe060a7a23f69a33711eb3ff67d5bb14bae68f0,SUCCESS
2023,33,https://ncdc.mohfw.gov.in/uploads/weekly_outbreaks/2023/week33.pdf,NCDC weekly outbreaks/2023/week33.pdf,200,1023997,7236c2126734089833f8e1d4db6feac2041a49c8efca2554ca85d460227b0a24,SUCCESS
2023,34,https://ncdc.mohfw.gov.in/uploads/weekly_outbreaks/2023/week34.pdf,NCDC weekly outbreaks/2023/week34.pdf,200,781924,cfcae8cd76d76e884f4052f3ab442bda74df250a592bc1638c0a5f33f2b56c09,SUCCESS
2023,35,https://ncdc.mohfw.gov.in/uploads/weekly_outbreaks/2023/week35.pdf,NCDC weekly outbreaks/2023/week35.pdf,200,1213292,665e27911fd572680218b383aef86263929ad2bfd432811edf501cc06b2896ed,SUCCESS
2023,36,https://ncdc.mohfw.gov.in/uploads/weekly_outbreaks/2023/week36.pdf,NCDC weekly outbreaks/2023/week36.pdf,200,849288,47460a925980b3469f5805283e389183d7ec190fcd295ec8334fc71cefd97342,SUCCESS
2023,37,https://ncdc.mohfw.gov.in/uploads/weekly_outbreaks/2023/week37.pdf,NCDC weekly outbreaks/2023/week37.pdf,200,905740,232cc785e51c3fc07f44db1f7e87c1cef2fa85e8feb640b8511b6c20e6878749,SUCCESS
2023,38,https://ncdc.mohfw.gov.in/uploads/weekly_outbreaks/2023/week38.pdf,NCDC weekly outbreaks/2023/week38.pdf,200,850439,25326169dc406ece8e50c511daaec0e0a7163e0aea8ac708646903e76d612100,SUCCESS
2023,39,https://ncdc.mohfw.gov.in/uploads/weekly_outbreaks/2023/week39.pdf,NCDC weekly outbreaks/2023/week39.pdf,200,848129,cedff66fd794365dbe6fa0c2be07b5992b24c9900756f5bbe5e1ed0f77d1b78b,SUCCESS
2023,40,https://ncdc.mohfw.gov.in/uploads/weekly_outbreaks/2023/week40.pdf,NCDC weekly outbreaks/2023/week40.pdf,200,843243,b57e559d9a3b99d3f23dbb982e8962753c05d5c28104291d9ab0c2fa41e12ab5,SUCCESS
2023,41,https://ncdc.mohfw.gov.in/uploads/weekly_outbreaks/2023/week41.pdf,NCDC weekly outbreaks/2023/week41.pdf,200,718021,a52184f7dbceab4c86ab5680a4a7f79503c64a64cc27b954ff0f5b12aacf8e25,SUCCESS
2023,42,https://ncdc.mohfw.gov.in/uploads/weekly_outbreaks/2023/week42.pdf,NCDC weekly outbreaks/2023/week42.pdf,200,928783,14d5c1feb49f316d05500f2656d13727aa8378d37ff73ab2a758540a41797389,SUCCESS
2023,43,https://ncdc.mohfw.gov.in/uploads/weekly_outbreaks/2023/week43.pdf,NCDC weekly outbreaks/2023/week43.pdf,200,789286,bb7de5c6f1dd597547a8cc331e0399e6d0d61757906f630899dde56737494614,SUCCESS
2023,44,https://ncdc.mohfw.gov.in/uploads/weekly_outbreaks/2023/week44.pdf,NCDC weekly outbreaks/2023/week44.pdf,200,704274,990ed73a9918d6ae79fe95232b4a168fcfeaec4c646b8b514592c504eeba4414,SUCCESS
2023,45,https://ncdc.mohfw.gov.in/uploads/weekly_outbreaks/2023/week45.pdf,NCDC weekly outbreaks/2023/week45.pdf,200,718310,ce3933123ee79ba53df49b53d5d1c79a181d6290565d5d4ccaa77914f243218a,SUCCESS
2023,46,https://ncdc.mohfw.gov.in/uploads/weekly_outbreaks/2023/week46.pdf,NCDC weekly outbreaks/2023/week46.pdf,200,611714,2781051b91e831ebaf9171b6d39da947e9fe84cf1dab703d3969100d941534b5,SUCCESS
2023,47,https://ncdc.mohfw.gov.in/uploads/weekly_outbreaks/2023/week47.pdf,NCDC weekly outbreaks/2023/week47.pdf,200,849432,77ed9bb688b21e5f4ba18d53acc57b16082563db97f2aea1109bc7a530d59d2a,SUCCESS
2023,48,https://ncdc.mohfw.gov.in/uploads/weekly_outbreaks/2023/week48.pdf,NCDC weekly outbreaks/2023/week48.pdf,200,615141,454b5002e212e4154c13bcb76bedfc395d5d2e933585b457a15e3bdfed214e78,SUCCESS
2023,49,https://ncdc.mohfw.gov.in/uploads/weekly_outbreaks/2023/week49.pdf,NCDC weekly outbreaks/2023/week49.pdf,200,794600,0f4403c79149daf10bc20b68c03dfdcd8af1f37eccd8b5714233ebdebc397464,SUCCESS
2023,50,https://ncdc.mohfw.gov.in/uploads/weekly_outbreaks/2023/week50_1788952212.pdf,NCDC weekly outbreaks/2023/week50_1788952212.pdf,200,666846,7aae77e0ab728243e92f7ca21df3b105a924b3c5a46b49c923c6ed7b006ba8aa,SUCCESS
2024,1,https://ncdc.mohfw.gov.in/uploads/weekly_outbreaks/2024/week1_1788951246.pdf,NCDC weekly outbreaks/2024/week1_1788951246.pdf,200,961723,42745d053e3792a60089e1b6277426f12145f5b7ad88c17cdcf278b022789199,SUCCESS
2024,2,https://ncdc.mohfw.gov.in/uploads/weekly_outbreaks/2024/week2_1788951271.pdf,NCDC weekly outbreaks/2024/week2_1788951271.pdf,200,859437,7f7b454f0d920c1d3b55208b7332ddc6980a986d7a2420f49a301b8df0d98bad,SUCCESS
2024,3,https://ncdc.mohfw.gov.in/uploads/weekly_outbreaks/2024/week3_1788951287.pdf,NCDC weekly outbreaks/2024/week3_1788951287.pdf,200,660226,add1067287cb51ba3dbd4f663e320905696d0a4b82d55afba7d1b12197230485,SUCCESS
2024,4,https://ncdc.mohfw.gov.in/uploads/weekly_outbreaks/2024/week4_1788951299.pdf,NCDC weekly outbreaks/2024/week4_1788951299.pdf,200,740809,de19c1e728a188cf81fc55528b920eab325e178f63e9298800b0211a8c4cc750,SUCCESS
2024,5,https://ncdc.mohfw.gov.in/uploads/weekly_outbreaks/2024/week5_1788951308.pdf,NCDC weekly outbreaks/2024/week5_1788951308.pdf,200,740512,a95a1ef1bee7e7753d15b8655bef4699acb29ef67611401ea758e462c3c8eaac,SUCCESS
2024,6,https://ncdc.mohfw.gov.in/uploads/weekly_outbreaks/2024/week6_1788951327.pdf,NCDC weekly outbreaks/2024/week6_1788951327.pdf,200,690248,01d21797dd48e68c0e91ba67f25deb31ed3bbdf5b13df3b0dcf1cfa1117b64eb,SUCCESS
2024,7,https://ncdc.mohfw.gov.in/uploads/weekly_outbreaks/2024/week7_1788951339.pdf,NCDC weekly outbreaks/2024/week7_1788951339.pdf,200,832525,c4059038e5cc9ba24a72e2b79ab6026da672cbbc42ffb53450bb3bc706a9f5c9,SUCCESS
2024,8,https://ncdc.mohfw.gov.in/uploads/weekly_outbreaks/2024/week8_1788951359.pdf,NCDC weekly outbreaks/2024/week8_1788951359.pdf,200,736802,bb3d8ec84f51373167b9a663966a17dc9821635c9cf052844017db21ac3b6c9d,SUCCESS
2024,9,https://ncdc.mohfw.gov.in/uploads/weekly_outbreaks/2024/week9_1788951370.pdf,NCDC weekly outbreaks/2024/week9_1788951370.pdf,200,790156,b3cceb6754ab510d9ce3f6842742d43675000009d26faa54ddecd3a7556ed191,SUCCESS
2024,10,https://ncdc.mohfw.gov.in/uploads/weekly_outbreaks/2024/week10_1788951380.pdf,NCDC weekly outbreaks/2024/week10_1788951380.pdf,200,691389,f1a32ce26bc34db19df27568176113cd7d2ac874e0be9fc10228744e372c6605,SUCCESS
2024,11,https://ncdc.mohfw.gov.in/uploads/weekly_outbreaks/2024/week11_1788951396.pdf,NCDC weekly outbreaks/2024/week11_1788951396.pdf,200,978519,d63bd031004a31ad8a7e8ed75baee56a56e0cc5fed39e2bc4762e677ceac8126,SUCCESS
2024,12,https://ncdc.mohfw.gov.in/uploads/weekly_outbreaks/2024/week12_1788951408.pdf,NCDC weekly outbreaks/2024/week12_1788951408.pdf,200,788273,fbb6f512b7aa08f361b1319c9f141c528209b93a06bc583c63bc3268df59ccef,SUCCESS
2024,13,https://ncdc.mohfw.gov.in/uploads/weekly_outbreaks/2024/week13_1788951420.pdf,NCDC weekly outbreaks/2024/week13_1788951420.pdf,200,782509,11ed7a74a3e4c319a67b4a95c99ef4648e12852521ae4c17ebda4103354d0e85,SUCCESS
2024,14,https://ncdc.mohfw.gov.in/uploads/weekly_outbreaks/2024/week14_1788951433.pdf,NCDC weekly outbreaks/2024/week14_1788951433.pdf,200,755766,3ce02c4c7b522c57bfd9398d4bbbc9f60f4cde0b691478e45f7990e915cc4ca5,SUCCESS
2024,15,https://ncdc.mohfw.gov.in/uploads/weekly_outbreaks/2024/week15_1788951443.pdf,NCDC weekly outbreaks/2024/week15_1788951443.pdf,200,911568,5e879c003835f46ceb52721ecd78323a5f0c35148cffef7e6c50503b239ec925,SUCCESS
2024,16,https://ncdc.mohfw.gov.in/uploads/weekly_outbreaks/2024/week16_1788951454.pdf,NCDC weekly outbreaks/2024/week16_1788951454.pdf,200,797905,67f75f8bc876b7d38eeada56b32931969b10306aa5f628a3ca983c4221b8b045,SUCCESS
2024,17,https://ncdc.mohfw.gov.in/uploads/weekly_outbreaks/2024/week17_1788951485.pdf,NCDC weekly outbreaks/2024/week17_1788951485.pdf,200,920362,042236ae0b321c833286ca99b8fd7cc30791dedee9435a06ebf65c43c4643f0d,SUCCESS
2024,18,https://ncdc.mohfw.gov.in/uploads/weekly_outbreaks/2024/week18_1788951496.pdf,NCDC weekly outbreaks/2024/week18_1788951496.pdf,200,866989,e2adc48654db152e740e35f05e1f305f45bc13bb0247b45167689d3846cc60c6,SUCCESS
2024,19,https://ncdc.mohfw.gov.in/uploads/weekly_outbreaks/2024/week19_1788951508.pdf,NCDC weekly outbreaks/2024/week19_1788951508.pdf,200,963998,e9292ed2dbcdc3f59920637093dea4bb9ee9da124d5ee924ad052d5394a51afc,SUCCESS
2024,20,https://ncdc.mohfw.gov.in/uploads/weekly_outbreaks/2024/week20_1788951522.pdf,NCDC weekly outbreaks/2024/week20_1788951522.pdf,200,962411,00f94f96d7b3c4b033d78910ab0f86ed948289c009e6f2101d310eac774fd79a,SUCCESS
2024,21,https://ncdc.mohfw.gov.in/uploads/weekly_outbreaks/2024/week21_1788951532.pdf,NCDC weekly outbreaks/2024/week21_1788951532.pdf,200,936534,1fd64c219e6d85927b31b50a442a4f7375156ac63da12b881240f7b5966d2ddf,SUCCESS
2024,22,https://ncdc.mohfw.gov.in/uploads/weekly_outbreaks/2024/week22_1788951544.pdf,NCDC weekly outbreaks/2024/week22_1788951544.pdf,200,888674,f25f1c0d11e441c82092647f09bb8cfce387106533afa3cdcef16d777b8107c0,SUCCESS
2024,23,https://ncdc.mohfw.gov.in/uploads/weekly_outbreaks/2024/week23_1788951559.pdf,NCDC weekly outbreaks/2024/week23_1788951559.pdf,200,804402,b9b5cdde3f7ada65c2a0482425ab4857d5a3a3463f7956bc7d57585f6a767e43,SUCCESS
2024,24,https://ncdc.mohfw.gov.in/uploads/weekly_outbreaks/2024/week24_1788951570.pdf,NCDC weekly outbreaks/2024/week24_1788951570.pdf,200,903573,da05659c0eed11da9ec9c582c209c18eb8f2401458ac162ab370c0c952a0a7a2,SUCCESS
2024,25,https://ncdc.mohfw.gov.in/uploads/weekly_outbreaks/2024/week25_1788951582.pdf,NCDC weekly outbreaks/2024/week25_1788951582.pdf,200,890037,ef52bc7ac28a3db8e1d5c870facf43d1999838149a308794a5de631448394343,SUCCESS
2024,26,https://ncdc.mohfw.gov.in/uploads/weekly_outbreaks/2024/week26_1788951715.pdf,NCDC weekly outbreaks/2024/week26_1788951715.pdf,200,1406461,b8516a9265b0063dc6e7e08f6b608442348691415e76ec4afb3c2f9b6fc4d620,SUCCESS
2024,27,https://ncdc.mohfw.gov.in/uploads/weekly_outbreaks/2024/week27_1788951732.pdf,NCDC weekly outbreaks/2024/week27_1788951732.pdf,200,1184244,39ae3cc613a61712f195bba83ad25c0a3c99c50b96245a1fd6cfac1b44aa833b,SUCCESS
2024,28,https://ncdc.mohfw.gov.in/uploads/weekly_outbreaks/2024/week28_1788951744.pdf,NCDC weekly outbreaks/2024/week28_1788951744.pdf,200,1708162,56403d2802d46fa75a5b6c5b844e11f113f935f69e32006ddef734c27d3ce1e5,SUCCESS
2024,29,https://ncdc.mohfw.gov.in/uploads/weekly_outbreaks/2024/week29_1788951764.pdf,NCDC weekly outbreaks/2024/week29_1788951764.pdf,200,1189800,3b8fa69f8fde3c55dd7e8061a5657c8a1e3e4595101503cc2a7377f17d3afaee,SUCCESS
2024,30,https://ncdc.mohfw.gov.in/uploads/weekly_outbreaks/2024/week30_1788951797.pdf,NCDC weekly outbreaks/2024/week30_1788951797.pdf,200,1023592,fc7481f3e978a9ebb565b68025d8f0123af9a3ba0f6182c9d6d0adb24ba5948f,SUCCESS
2024,31,https://ncdc.mohfw.gov.in/uploads/weekly_outbreaks/2024/week31_1788951810.pdf,NCDC weekly outbreaks/2024/week31_1788951810.pdf,200,1220521,9834085c1b000c1fd588db263f1daf0fc263943bdd90b90f42acef56a4efc6e9,SUCCESS
2024,32,https://ncdc.mohfw.gov.in/uploads/weekly_outbreaks/2024/week32_1788951820.pdf,NCDC weekly outbreaks/2024/week32_1788951820.pdf,200,1318615,d46f3bfca0de1663cef83e6a5f9048be2982ca9c753946e1b83c6c174505c57e,SUCCESS
2024,33,https://ncdc.mohfw.gov.in/uploads/weekly_outbreaks/2024/week33_1788951845.pdf,NCDC weekly outbreaks/2024/week33_1788951845.pdf,200,1077366,29377f7d4c3d056de9f870d0b39fccc4bcc89c828db23044d8168b0d5ca34629,SUCCESS
2024,34,https://ncdc.mohfw.gov.in/uploads/weekly_outbreaks/2024/week34_1788951861.pdf,NCDC weekly outbreaks/2024/week34_1788951861.pdf,200,1181485,c2200876490f386b1b25475769e692b8a7e26a26f5a2a1461fec98172cb4aa5f,SUCCESS
2024,35,https://ncdc.mohfw.gov.in/uploads/weekly_outbreaks/2024/week35_1788951873.pdf,NCDC weekly outbreaks/2024/week35_1788951873.pdf,200,784127,a81968cfa3f51eb607873acdea3e78a12abe91469a6ee9c87e2d13e5c7a3251e,SUCCESS
2024,36,https://ncdc.mohfw.gov.in/uploads/weekly_outbreaks/2024/week36_1788951892.pdf,NCDC weekly outbreaks/2024/week36_1788951892.pdf,200,750123,94c9b229eb3481310e52254bc59921d1b4a253ff45ff0ba5178a53be89687904,SUCCESS
2024,37,https://ncdc.mohfw.gov.in/uploads/weekly_outbreaks/2024/week37_1788951903.pdf,NCDC weekly outbreaks/2024/week37_1788951903.pdf,200,740803,cbeea99d3aa37b033e4da82fab6a723a911ef05ab18cc4f77b3daf7b2e7f5650,SUCCESS
2024,38,https://ncdc.mohfw.gov.in/uploads/weekly_outbreaks/2024/week38_1788951915.pdf,NCDC weekly outbreaks/2024/week38_1788951915.pdf,200,838695,b534b5bd0fa3ceaf50310b264eba6b3763d367ed4c9645f0d7a4c2b7ea1285c6,SUCCESS
2024,39,https://ncdc.mohfw.gov.in/uploads/weekly_outbreaks/2024/week39_1788951925.pdf,NCDC weekly outbreaks/2024/week39_1788951925.pdf,200,767154,18121bd116121bb919a0cce8c71f1aeee5751b8dbc7f9702ad006b1025948bfa,SUCCESS
2024,40,https://ncdc.mohfw.gov.in/uploads/weekly_outbreaks/2024/week40_1788951939.pdf,NCDC weekly outbreaks/2024/week40_1788951939.pdf,200,769703,d51b90a38e849d1588eb19304318ad64e6ed68f7ae4911e7d65e32a61d5fe7cd,SUCCESS
2024,41,https://ncdc.mohfw.gov.in/uploads/weekly_outbreaks/2024/week41_1788951950.pdf,NCDC weekly outbreaks/2024/week41_1788951950.pdf,200,662220,22c960be07aa83af5be80a5655ce8588a534d934c69f155d28fd50745eb9a1cd,SUCCESS
2024,42,https://ncdc.mohfw.gov.in/uploads/weekly_outbreaks/2024/week42_1788951961.pdf,NCDC weekly outbreaks/2024/week42_1788951961.pdf,200,855072,12f3cceee64f92980c8540b7fca160f563be6f35b7206d995c073c71bcad3d78,SUCCESS
2024,43,https://ncdc.mohfw.gov.in/uploads/weekly_outbreaks/2024/week43_1788951974.pdf,NCDC weekly outbreaks/2024/week43_1788951974.pdf,200,717757,e31b9f4c620288c9c526f69cc6d2950ac0ae09d1e49f63fb02bcacad5c49ef31,SUCCESS
2024,44,https://ncdc.mohfw.gov.in/uploads/weekly_outbreaks/2024/week44_1788951993.pdf,NCDC weekly outbreaks/2024/week44_1788951993.pdf,200,829143,19a1ce5867252b0a58a06eab514bad572c5c7649eb04cf5c7d1a93bd2fa8bee4,SUCCESS
2024,45,https://ncdc.mohfw.gov.in/uploads/weekly_outbreaks/2024/week45_1788952004.pdf,NCDC weekly outbreaks/2024/week45_1788952004.pdf,200,693325,4366566d8caf3743ddddcce7b37c368146bbe8b0e15e430e6e4694e696e88c90,SUCCESS
2024,46,https://ncdc.mohfw.gov.in/uploads/weekly_outbreaks/2024/week46_1788952017.pdf,NCDC weekly outbreaks/2024/week46_1788952017.pdf,200,823696,c5c48e33cd135802c81790d569fd3f9a00c44a75e2a6099a73121c28e605a438,SUCCESS
2024,47,https://ncdc.mohfw.gov.in/uploads/weekly_outbreaks/2024/week47_1788952028.pdf,NCDC weekly outbreaks/2024/week47_1788952028.pdf,200,724069,ae5fde8cda8e7d5c02d7df82eaa55244404b134e5777b89753cfcf53738e58a0,SUCCESS
2024,48,https://ncdc.mohfw.gov.in/uploads/weekly_outbreaks/2024/week48_1788952041.pdf,NCDC weekly outbreaks/2024/week48_1788952041.pdf,200,817602,976586cfa90fb1e58eb3920ab1f0086862fa0c8e64e485f6ecd1ecf54fcdb64c,SUCCESS
2024,49,https://ncdc.mohfw.gov.in/uploads/weekly_outbreaks/2024/week49_1788952055.pdf,NCDC weekly outbreaks/2024/week49_1788952055.pdf,200,617541,852c52c69541f6d9cf4678121d6650be53d2d31f3d670ca38617905f92bedc7c,SUCCESS
2024,50,https://ncdc.mohfw.gov.in/uploads/weekly_outbreaks/2024/week50_1788952068.pdf,NCDC weekly outbreaks/2024/week50_1788952068.pdf,200,804646,9e61dc16465c881ca0306eba9782139db410a5c5d9849e7545a2e411fdb45dd5,SUCCESS
2024,51,https://ncdc.mohfw.gov.in/uploads/weekly_outbreaks/2024/week51_1788952079.pdf,NCDC weekly outbreaks/2024/week51_1788952079.pdf,200,638261,c8cee64de3e76bb64bfae2f576cb6786d7f8b0e147fe8cc14e76d4b34e26009a,SUCCESS
2024,52,https://ncdc.mohfw.gov.in/uploads/weekly_outbreaks/2024/week52_1788952090.pdf,NCDC weekly outbreaks/2024/week52_1788952090.pdf,200,632353,3ca052049da23ceaed47b555a6ff21cc61616720740e738ec38573f8dcf8533f,SUCCESS
2025,1,https://ncdc.mohfw.gov.in/uploads/weekly_outbreaks/2025/week1_1788948201.pdf,NCDC weekly outbreaks/2025/week1_1788948201.pdf,200,594238,981a04ead4d0ce25de0f056b0147b785edad10c4253cace478234d66cadd6359,SUCCESS
2025,2,https://ncdc.mohfw.gov.in/uploads/weekly_outbreaks/2025/week2_1788950093.pdf,NCDC weekly outbreaks/2025/week2_1788950093.pdf,200,762392,4cd13e7ab7ea27706f3ef516116da6e5f57b0a2610127eba2dd7c182b2687241,SUCCESS
2025,3,https://ncdc.mohfw.gov.in/uploads/weekly_outbreaks/2025/week3_1788950195.pdf,NCDC weekly outbreaks/2025/week3_1788950195.pdf,200,709659,2d5bfc2ff1d0cd65729c5c1dce3155c8314bd9c56eb72b4b00a6c77189a53c4e,SUCCESS
2025,4,https://ncdc.mohfw.gov.in/uploads/weekly_outbreaks/2025/week4_1788950209.pdf,NCDC weekly outbreaks/2025/week4_1788950209.pdf,200,1145826,eccd4e50cbb57691e7718b936a9a4c7ff617d69bd89d2ca02d471d661201eb74,SUCCESS
2025,5,https://ncdc.mohfw.gov.in/uploads/weekly_outbreaks/2025/week5_1788950221.pdf,NCDC weekly outbreaks/2025/week5_1788950221.pdf,200,691274,92f444a600b634cf84c321f069665900fa638c582eb35fa89159f25b2a4fcaa0,SUCCESS
2025,6,https://ncdc.mohfw.gov.in/uploads/weekly_outbreaks/2025/week6_1788950233.pdf,NCDC weekly outbreaks/2025/week6_1788950233.pdf,200,557146,653b1ed124e7574e6d9179eb45324695874fea69f0c3f0458c28161e31e7fc22,SUCCESS
2025,7,https://ncdc.mohfw.gov.in/uploads/weekly_outbreaks/2025/week7_1789017204.pdf,NCDC weekly outbreaks/2025/week7_1789017204.pdf,200,690176,f25182a09346735df3a5c86d60808ea9e5f5dde747c41846a383240598bb1992,SUCCESS
2025,8,https://ncdc.mohfw.gov.in/uploads/weekly_outbreaks/2025/week8_1788950267.pdf,NCDC weekly outbreaks/2025/week8_1788950267.pdf,200,741733,e8c567312617308d79a833d0f735dcb327c8b731459d5a4b79c9225ccd1b52f9,SUCCESS
2025,9,https://ncdc.mohfw.gov.in/uploads/weekly_outbreaks/2025/week9_1788950284.pdf,NCDC weekly outbreaks/2025/week9_1788950284.pdf,200,728832,ebe987afc076b5ae9a68ac3747bd6e8cf2118bbb459ba0bd7fd3df69652a9bcf,SUCCESS
2025,10,https://ncdc.mohfw.gov.in/uploads/weekly_outbreaks/2025/week10_1788950298.pdf,NCDC weekly outbreaks/2025/week10_1788950298.pdf,200,744093,c9d33c0e89d3c9fe7c96a95445fb678620cb13765780f1ec5d098abf03e1be6f,SUCCESS
2025,11,https://ncdc.mohfw.gov.in/uploads/weekly_outbreaks/2025/week11_1788950540.pdf,NCDC weekly outbreaks/2025/week11_1788950540.pdf,200,770712,0c648681b89728b71c55868a6367b518406c41a1665db50b58b3c23f4a01d6a0,SUCCESS
2025,12,https://ncdc.mohfw.gov.in/uploads/weekly_outbreaks/2025/week12_1788950562.pdf,NCDC weekly outbreaks/2025/week12_1788950562.pdf,200,681302,32426d9bac72b98406ad356d1f34c3ee43e1281827282913704d4ee11af50f30,SUCCESS
2025,13,https://ncdc.mohfw.gov.in/uploads/weekly_outbreaks/2025/week13_1788950576.pdf,NCDC weekly outbreaks/2025/week13_1788950576.pdf,200,667476,1e94144bc3e58b123cbd3daf5170af55406071095f46214518e1e4db03e4f43b,SUCCESS
2025,14,https://ncdc.mohfw.gov.in/uploads/weekly_outbreaks/2025/week14_1788950590.pdf,NCDC weekly outbreaks/2025/week14_1788950590.pdf,200,988445,45960085e03c72b62af4f70d965b09757b525aac220adc6b13328a0a2a35b278,SUCCESS
2025,15,https://ncdc.mohfw.gov.in/uploads/weekly_outbreaks/2025/week15_1788950605.pdf,NCDC weekly outbreaks/2025/week15_1788950605.pdf,200,882129,3a4494731208dd1a329fddff52c7a55616dad6ff84ab8622b465c3c79850df26,SUCCESS
2025,16,https://ncdc.mohfw.gov.in/uploads/weekly_outbreaks/2025/week16_1788950618.pdf,NCDC weekly outbreaks/2025/week16_1788950618.pdf,200,896886,165566c76c2aac7b6beae5b5052f3f87cf89138b8a00b24c6bcdee10dc1a8e17,SUCCESS
2025,17,https://ncdc.mohfw.gov.in/uploads/weekly_outbreaks/2025/week17_1788950632.pdf,NCDC weekly outbreaks/2025/week17_1788950632.pdf,200,929891,c7cce02f146e8fa47f972ddd1fb1c7e4fa23c604f6d53dce81a6798025cba0cb,SUCCESS
2025,18,https://ncdc.mohfw.gov.in/uploads/weekly_outbreaks/2025/week18_1788950653.pdf,NCDC weekly outbreaks/2025/week18_1788950653.pdf,200,1319187,f3f227f929bdc2b2790487814889e580b84f2dada72d01ef372c9874e97a7e32,SUCCESS
2025,19,https://ncdc.mohfw.gov.in/uploads/weekly_outbreaks/2025/week19_1788950700.pdf,NCDC weekly outbreaks/2025/week19_1788950700.pdf,200,894208,9e98fdccd8cdd77175285300c4211d5d6ba47fb8662d3bf91e5e6bca2cbf8f2e,SUCCESS
2025,20,https://ncdc.mohfw.gov.in/uploads/weekly_outbreaks/2025/week20_1788950712.pdf,NCDC weekly outbreaks/2025/week20_1788950712.pdf,200,1171492,bbea708efefc2990c12ab82072ab7bb1ee57378b95bfbbbe98fc7e351ec14158,SUCCESS
2025,21,https://ncdc.mohfw.gov.in/uploads/weekly_outbreaks/2025/week21_1788950729.pdf,NCDC weekly outbreaks/2025/week21_1788950729.pdf,200,870302,0e7fc47c73d68e026f684d97ec6883988d81f7068694836b6a655dfe862e48a1,SUCCESS
2025,22,https://ncdc.mohfw.gov.in/uploads/weekly_outbreaks/2025/week22_1788950742.pdf,NCDC weekly outbreaks/2025/week22_1788950742.pdf,200,705076,9db3f16df10cd9b3fd7c2d4fdc231d27f3c9ab222fc5eb9b76ac816e146ef160,SUCCESS
2025,23,https://ncdc.mohfw.gov.in/uploads/weekly_outbreaks/2025/week23_1788950756.pdf,NCDC weekly outbreaks/2025/week23_1788950756.pdf,200,911930,50f2819e3975b16f5759899ba1f57d98561a4575188ff3ed792408fee305e163,SUCCESS
2025,24,https://ncdc.mohfw.gov.in/uploads/weekly_outbreaks/2025/week24_1788950775.pdf,NCDC weekly outbreaks/2025/week24_1788950775.pdf,200,1168222,5c87dd828677a6f324ef5c4d434ff22da1afd22536cba815b15a1158736f40f9,SUCCESS
2025,25,https://ncdc.mohfw.gov.in/uploads/weekly_outbreaks/2025/week25_1788950790.pdf,NCDC weekly outbreaks/2025/week25_1788950790.pdf,200,928787,6597760c334b528a74ec6d1f817e080549c08721ed30018952f1a70ee6f12704,SUCCESS
2025,26,https://ncdc.mohfw.gov.in/uploads/weekly_outbreaks/2025/week26_1788950806.pdf,NCDC weekly outbreaks/2025/week26_1788950806.pdf,200,1184306,e9d7d77ec650a042de544c9c3974bd49b562cafc62e4b71017b24838e1cc980e,SUCCESS
2025,27,https://ncdc.mohfw.gov.in/uploads/weekly_outbreaks/2025/week27_1788950821.pdf,NCDC weekly outbreaks/2025/week27_1788950821.pdf,200,916070,fa1772b37232f8ed66b0b003d2a501fd1eea10a309da4c8d9a595d343dc30f5c,SUCCESS
2025,28,https://ncdc.mohfw.gov.in/uploads/weekly_outbreaks/2025/week28_1788950832.pdf,NCDC weekly outbreaks/2025/week28_1788950832.pdf,200,1191667,170ac33a3feff00896443baad94d8997e119d7251d24daebcde5cfa1772fa0c9,SUCCESS
2025,29,https://ncdc.mohfw.gov.in/uploads/weekly_outbreaks/2025/week29_1788950846.pdf,NCDC weekly outbreaks/2025/week29_1788950846.pdf,200,1005795,3c7ef201a8aa54f0539cbfe76fc7014291b87a98790d9d47c1bf741023ab0001,SUCCESS
2025,30,https://ncdc.mohfw.gov.in/uploads/weekly_outbreaks/2025/week30_1788950862.pdf,NCDC weekly outbreaks/2025/week30_1788950862.pdf,200,1116177,c59424803f13c14a4035e0f127c2bb46e1e2489e186c1baf9b99b420e9a8cd79,SUCCESS
2025,31,https://ncdc.mohfw.gov.in/uploads/weekly_outbreaks/2025/week31_1788950885.pdf,NCDC weekly outbreaks/2025/week31_1788950885.pdf,200,1120751,00cb60e8493254e1da6a91e11736fd1bac88d60056577ee5120915c12897225b,SUCCESS
2025,32,https://ncdc.mohfw.gov.in/uploads/weekly_outbreaks/2025/week32_1788950897.pdf,NCDC weekly outbreaks/2025/week32_1788950897.pdf,200,996016,3dca27507949cf1322e9534b1944fd3826600f07265c15ac335cb18dc5cb652c,SUCCESS
2025,33,https://ncdc.mohfw.gov.in/uploads/weekly_outbreaks/2025/week33_1788950912.pdf,NCDC weekly outbreaks/2025/week33_1788950912.pdf,200,1094850,f8c4603ad21b966da6c574e8b30b017e249ed40ae7edc2bd27d4469a59e8c4eb,SUCCESS
2025,34,https://ncdc.mohfw.gov.in/uploads/weekly_outbreaks/2025/week34_1788950927.pdf,NCDC weekly outbreaks/2025/week34_1788950927.pdf,200,1141060,ca2be7077a1d2b4bda4353f39ffd9fc7e0723728ebdc9ecd42d2bfac2c8520f5,SUCCESS
2025,35,https://ncdc.mohfw.gov.in/uploads/weekly_outbreaks/2025/week35_1788950942.pdf,NCDC weekly outbreaks/2025/week35_1788950942.pdf,200,1053583,e04a56cfa740bc0d28897bf097d603537f423ebfbb80af9a5737ed5f0b85b82a,SUCCESS
2025,36,https://ncdc.mohfw.gov.in/uploads/weekly_outbreaks/2025/week36_1788950955.pdf,NCDC weekly outbreaks/2025/week36_1788950955.pdf,200,952867,a9e0721ded0b57fc482fbb2ca7ed3f09739ea5d5481e26b4e19c96a79ed3789c,SUCCESS
2025,37,https://ncdc.mohfw.gov.in/uploads/weekly_outbreaks/2025/week37_1788950985.pdf,NCDC weekly outbreaks/2025/week37_1788950985.pdf,200,1139999,a60dc644166d8b6dd6fc830ffb9cdfb2af7a73d7c3e4915284ef33e118534b1c,SUCCESS
2025,38,https://ncdc.mohfw.gov.in/uploads/weekly_outbreaks/2025/week38_1788950998.pdf,NCDC weekly outbreaks/2025/week38_1788950998.pdf,200,1160541,b1272ce1d2a49cdd9075c37dae116f822998b1523e497cadfece4466e10c2216,SUCCESS
2025,39,https://ncdc.mohfw.gov.in/uploads/weekly_outbreaks/2025/week39_1788951010.pdf,NCDC weekly outbreaks/2025/week39_1788951010.pdf,200,974167,71ca4486e658bec5516e151ffbca3df8e2ad126452eeac338a39093f3c33341e,SUCCESS
2025,40,https://ncdc.mohfw.gov.in/uploads/weekly_outbreaks/2025/week40_1788951022.pdf,NCDC weekly outbreaks/2025/week40_1788951022.pdf,200,989166,ad3052bbf013dde5c511cb6529cfa7c53d39b36216a9f80092228b12676e1b0a,SUCCESS
2025,41,https://ncdc.mohfw.gov.in/uploads/weekly_outbreaks/2025/week41_1788951032.pdf,NCDC weekly outbreaks/2025/week41_1788951032.pdf,200,884254,f647afbdee6bb6275b6378d237f18ca2676a3296db6bb346c473fc2577acaede,SUCCESS
2025,42,https://ncdc.mohfw.gov.in/uploads/weekly_outbreaks/2025/week42_1788951043.pdf,NCDC weekly outbreaks/2025/week42_1788951043.pdf,200,1009666,b88f4bc9efc6648030bcfd0f77733340a7bc00f68e6b021442e012d071b807f4,SUCCESS
2025,43,https://ncdc.mohfw.gov.in/uploads/weekly_outbreaks/2025/week43_1788951058.pdf,NCDC weekly outbreaks/2025/week43_1788951058.pdf,200,1011965,ec43957f85a70d78c6136072581170cfd8e0876ea38086a20ed4f428d4e4735e,SUCCESS
2025,44,https://ncdc.mohfw.gov.in/uploads/weekly_outbreaks/2025/week44_1788951072.pdf,NCDC weekly outbreaks/2025/week44_1788951072.pdf,200,1062668,c12e21b9177f395c839230e71d6ff8cbe6b1b43ab2fe984bdfcf5bdf61759847,SUCCESS
2025,45,https://ncdc.mohfw.gov.in/uploads/weekly_outbreaks/2025/week45_1788951083.pdf,NCDC weekly outbreaks/2025/week45_1788951083.pdf,200,1067516,1188820c3b0a56597079ebe64b946aab722bd9bbc13a822449aad553e07a7163,SUCCESS
2025,46,https://ncdc.mohfw.gov.in/uploads/weekly_outbreaks/2025/week46_1788951104.pdf,NCDC weekly outbreaks/2025/week46_1788951104.pdf,200,1042248,6f879349c6b83466be2d45f3e946b752ec0e77f2648471e57f2124aa0561721e,SUCCESS
2025,47,https://ncdc.mohfw.gov.in/uploads/weekly_outbreaks/2025/week47_1788951120.pdf,NCDC weekly outbreaks/2025/week47_1788951120.pdf,200,1020903,325f1af5f48866de74cfbdc90ddb5b283a2a417c333f4ab251c480762838c7fa,SUCCESS
2025,48,https://ncdc.mohfw.gov.in/uploads/weekly_outbreaks/2025/week48_1788951132.pdf,NCDC weekly outbreaks/2025/week48_1788951132.pdf,200,1016364,41947b3c4f66230e256b8a0622ac2b232fc44e2ed2b1cc1886050f8abcb7e9bf,SUCCESS
2025,49,https://ncdc.mohfw.gov.in/uploads/weekly_outbreaks/2025/week49_1788951145.pdf,NCDC weekly outbreaks/2025/week49_1788951145.pdf,200,903306,6cb9a7821e4b390827871f481074e9cf638966143382e3d018732e223e1c23bd,SUCCESS
2025,50,https://ncdc.mohfw.gov.in/uploads/weekly_outbreaks/2025/week50_1788951159.pdf,NCDC weekly outbreaks/2025/week50_1788951159.pdf,200,1034212,6eb6e7fbaec8b18ba59e41efd3e35bc7edaf8c13db695e20f9f6434aef8756ff,SUCCESS
2025,51,https://ncdc.mohfw.gov.in/uploads/weekly_outbreaks/2025/week51_1788951172.pdf,NCDC weekly outbreaks/2025/week51_1788951172.pdf,200,928759,a5f8752794421ba61076d9efa062f65425e29a601faa563224c312e4380b5edd,SUCCESS
2025,52,https://ncdc.mohfw.gov.in/uploads/weekly_outbreaks/2025/week52_1788951185.pdf,NCDC weekly outbreaks/2025/week52_1788951185.pdf,200,915158,3f90325e9ab61b106ff03cb19f01309d6936389f8381a485ac3a809a05fe6993,SUCCESS
2026,32,https://ncdc.mohfw.gov.in/uploads/weekly_outbreaks/2026/week32_1790680151.pdf,NCDC weekly outbreaks/2026/week32_1790680151.pdf,200,1187647,f34bba8a6f0cf71be73e1b9c95e710e23a5696f86d47bfa56e407a7bb17c5065,SUCCESS
