claim_id,slide_number,claim_text,exact_value_if_applicable,unit,time_period,geography,disease_family,source_phase,source_file,source_row_or_section_if_available,interpretation_boundary,viva_question,viva_answer,overclaim_to_avoid
C001,1,Baseline dataset comprises 539 primary disease outbreak records across Maharashtra,539,outbreak records,2022-2025,Maharashtra,All Primary Families,Phase 5A,01_DATASET_INTEGRITY_AUDIT.csv,Row 1 (Primary Baseline Cohort),Applies strictly to 5 primary disease families in completed calendar years,What does one record represent?,One investigated and notified outbreak event by an IDSP Rapid Response Team,Do not say each record is an individual patient
C002,1,Out-of-sample comparison period comprises 45 outbreak records from Weeks 01 to 32 of 2026,45,outbreak records,2026 W01-W32,Maharashtra,All Primary Families,Phase 5A,06_2026_BIAS_CHECK.csv,Summary Table,Partial-year surveillance data; cannot be compared to complete calendar years,Can you compare 2026 to 2025 directly?,No because 2026 only has 32 weeks while 2025 has complete calendar reporting,Do not claim 2026 represents an annual decline
C003,2,Administrative surveillance records represent investigated outbreak clusters meeting notification thresholds rather than total population incidence,N/A,methodological definition,2022-2026,Maharashtra,All Diseases,Phase 5D,06_LIMITATIONS_SYNTHESIS.md,Section 1 (Surveillance Threshold Bias),Does not measure endemic community burden or asymptomatic infections,Does your data reflect true disease burden?,No it measures cluster notifications that crossed administrative investigation thresholds,Do not claim this measures community incidence
C004,2,Secondary surveillance metrics can be heavily distorted by extreme institutional or high-case outbreak clusters,N/A,analytical finding,2022-2025,Maharashtra,All Diseases,Phase 5C,05_EVENT_CASE_DIVERGENCE.csv,Summary,Requires separate analysis of event counts versus case volumes,Why analyze events separately from cases?,Because a single 1000-case outbreak can skew monthly case totals while events show true frequency,Do not conflate patient volume with outbreak recurrence
C005,3,Research evaluates seasonal concentration of reported outbreak records across 12 calendar months,12,calendar months,2022-2025,Maharashtra,All Primary Families,Phase 5B,01_MONTHLY_DISTRIBUTION.csv,Header,Evaluates calendar-month grouping of surveillance reports,Why group by calendar month?,Calendar months provide sufficient record density to detect recurrent seasonal windows across years,Do not claim weather caused the monthly pattern
C006,3,Peak timing stability is evaluated across four completed baseline years using non-parametric rank concordance,4,years,2022-2025,Maharashtra,All Primary Families,Phase 5C,03_SEASONAL_STABILITY.csv,Header,Kendall's W measures rank profile consistency across years,Why use Kendall's W?,It is a non-parametric test evaluating whether the 12-month rank order repeats across the 4 years,Do not treat W p-value as an asymptotic test
C007,4,Project adheres to 8 formal academic research objectives spanning data engineering through validation,8,objectives,2022-2026,Maharashtra,All Primary Families,Phase 5D,07_OBJECTIVE_EVIDENCE_MATRIX.csv,Rows OBJ-01 to OBJ-08,Covers methodological and analytical scope,How were these objectives chosen?,They reflect standard epidemiological data science steps from data cleaning to validation,Do not claim clinical discovery objectives
C008,4,Secondary surveillance dataset reconstructed directly from primary government PDF weekly reports,100,percent provenance,2022-2026,Maharashtra,All Primary Families,Phase 1-4,PHASE4B_MASTER_DATASET_REBUILD_REPORT.md,Section 2,Traceable to individual weekly IDSP publication tables,How did you ensure data integrity?,Every record is linked to its official PDF bulletin and publication table,Do not claim you generated primary data
C009,5,Primary data source is the National Centre for Disease Control (NCDC) and Integrated Disease Surveillance Programme (IDSP),N/A,institutional source,2022-2026,National/State,All Diseases,Phase 1-4,PHASE4B_MASTER_DATASET_REBUILD_REPORT.md,Section 1,Official apex public health surveillance entity of MoHFW,Why use NCDC/IDSP?,It is India's official apex body for standardized disease surveillance,Do not use third-party unofficial portals
C010,5,Data extraction captured weekly district-level outbreak notifications with verified metadata,N/A,methodological framework,2022-2026,Maharashtra,All Diseases,Phase 1-4,PHASE4B_MASTER_DATASET_REBUILD_REPORT.md,Section 3,Extracted fields: district disease cases deaths start date status,What fields were captured?,District disease cases deaths start date reporting week and investigation status,Do not claim individual patient demographics
C011,6,Authoritative clean analytical dataset contains 809 total records from Maharashtra,809,records,2022-2026,Maharashtra,All Extracted Diseases,Phase 5A,01_DATASET_INTEGRITY_AUDIT.csv,Summary,Includes historical baseline and partial-year records,Why are there 809 records if baseline is 539?,809 includes historical records non-primary diseases and 2026 YTD; 539 is the primary baseline,Do not mix non-baseline records into seasonal analysis
C012,6,Cumulative baseline reported cases across five primary disease families total 21955 cases,21955,reported cases,2022-2025,Maharashtra,5 Primary Families,Phase 5A,02_PRIMARY_DISEASE_AUDIT.csv,Sum of baseline cases,Represents cases enumerated during investigated outbreaks only,How many cases did you analyze?,21955 reported outbreak cases across the 5 primary families in 2022-2025,Do not claim 21955 was total state illness
C013,6,Cumulative baseline reported outbreak deaths across five primary disease families total 266 deaths,266,reported deaths,2022-2025,Maharashtra,5 Primary Families,Phase 5A,02_PRIMARY_DISEASE_AUDIT.csv,Sum of baseline deaths,Reflects outbreak-associated fatalities documented in reports,What is the source of mortality figures?,Documented fatalities verified during RRT field outbreak investigations,Do not compute general population mortality rates
C014,7,Official published reports are missing for Weeks 15 51 and 52 of 2023 in the government archive (49 published weeks; Week 50 is present),3,weeks,2023,Maharashtra,All Diseases,Phase 5A,01_DATASET_INTEGRITY_AUDIT.csv,Section 3 (Archive Gaps),Documented external government archive gap; no synthetic zeros inserted,How did you handle the missing 2023 weeks?,Documented them as unavailable in the public archive and avoided fabricating data,Do not state Week 50 was missing
C015,7,Raw disease labels were preserved intact in disease_raw while adding standardized analytical fields,116,raw source strings,2022-2026,Maharashtra,All Diseases,Phase 5A,03_MAPPING_DICTIONARY.csv,Table,Ensures zero destruction of original administrative record text,Did you overwrite original report labels?,No disease_raw was preserved 100% while standardized fields were added additively,Do not claim you altered original records
C016,8,Taxonomic audit screened 116 raw source strings into 56 cleaned analytical labels and 30 disease families,116;56;30,taxonomic units,2022-2026,Maharashtra,All Diseases,Phase 5A,02_PRIMARY_DISEASE_AUDIT.csv,Header,Standardized taxonomy resolving spelling and administrative variants,How did you standardize disease names?,116 raw strings were mapped to 56 cleaned labels and 30 standardized disease families,Do not claim diseases were arbitrarily combined
C017,8,Five primary study families encompass 539 baseline records representing 92.5 percent of Maharashtra baseline records,92.5,percent,2022-2025,Maharashtra,5 Primary Families,Phase 5A,02_PRIMARY_DISEASE_AUDIT.csv,Summary,Criteria: N >= 40 present in >= 3 years public health priority,Why select these five families?,They met objective criteria: >= 40 records present in >= 3 years and public health priority,Do not call them simply the five most common
C018,8,Acute Diarrheal Disease baseline cohort comprises 153 records with 9050 cases and 93 deaths,153,records,2022-2025,Maharashtra,Acute Diarrheal Disease,Phase 5A,02_PRIMARY_DISEASE_AUDIT.csv,ADD Row,Standardized from lexical variants like ADD and Acute Diarrhoeal Disease,What does ADD include?,Standardized clinical variants of acute non-cholera watery diarrhea,Do not confuse with chronic diarrhea
C019,9,Seasonal index Sm measures monthly event frequency relative to the annualized monthly average,100,baseline index value,2022-2025,Maharashtra,All Primary Families,Phase 5B,02_SEASONAL_INDICES.csv,Methodology,Sm > 100 indicates above-average seasonal concentration,What does Sm = 200 mean?,It means reported events in that month are double the annualized monthly average,Do not call it a probability or risk score
C020,9,Top-3 concentration ratio CR3 calculates the cumulative percentage of events in the top 3 calendar months,N/A,percentage metric,2022-2025,Maharashtra,All Primary Families,Phase 5C,01_SEASONAL_CONCENTRATION.csv,Header,Identifies degree of temporal focalization,Why use CR3?,It summarizes whether a disease concentrates into a tight 3-month window,Do not use CR3 alone without checking contiguity
C021,10,Dengue baseline outbreak events total 204 records with 3144 cases and 93 deaths,204,outbreak records,2022-2025,Maharashtra,Dengue,Phase 5D,01_DISEASE_EVIDENCE_SYNTHESIS.csv,Row 1,Primary baseline cohort,How many Dengue records were studied?,204 baseline outbreak records containing 3144 reported cases and 93 deaths,Do not claim all cases were laboratory confirmed
C022,10,Dengue June to October window accounts for 82.8 percent of all baseline outbreak events,82.8,percent,2022-2025,Maharashtra,Dengue,Phase 5B,01_MONTHLY_DISTRIBUTION.csv,Dengue Row,Peaks in October (19.6% Sm=235.3) and September (17.6% Sm=211.8),When does Dengue peak?,In the post-monsoon months of September and October with 82.8% in June-October,Do not say Dengue only occurs in October
C023,10,Malaria baseline outbreak events total 70 records with 2133 cases and 51 deaths,70,outbreak records,2022-2025,Maharashtra,Malaria,Phase 5D,01_DISEASE_EVIDENCE_SYNTHESIS.csv,Row 3,Primary baseline cohort,What is the Malaria baseline volume?,70 outbreak events with 2133 reported cases and 51 deaths,Do not claim statewide endemic eradication
C024,10,Malaria contiguous May to July window accounts for 51.4 percent of all baseline outbreak events,51.4,percent,2022-2025,Maharashtra,Malaria,Phase 5B,01_MONTHLY_DISTRIBUTION.csv,Malaria Row,Peaks in June (21.4% Sm=257.1) and July (20.0% Sm=240.0),When does Malaria peak?,In the early monsoon window of May to July accounting for over half of all events,Do not claim Malaria peaks late in the year
C025,10,Acute Diarrheal Disease core monsoon window June to August accounts for 43.1 percent of baseline outbreak events,43.1,percent,2022-2025,Maharashtra,Acute Diarrheal Disease,Phase 5B,01_MONTHLY_DISTRIBUTION.csv,ADD Row,Jul=14.4% Jun=12.4% Aug=10.5%; secondary peak in Oct (16.3%),When do Diarrheal outbreaks occur?,Mainly during the monsoon months of June to August with a secondary October peak,Do not claim water contamination occurs only in monsoon
C026,11,Malaria exhibits the highest event Coefficient of Variation at 0.753,0.753,CV ratio,2022-2025,Maharashtra,Malaria,Phase 5C,01_SEASONAL_CONCENTRATION.csv,Row 1,High seasonal concentration,What does CV = 0.753 mean?,High relative dispersion across the 12 calendar months indicating sharp concentration,Do not confuse event CV with case CV
C027,11,Dengue exhibits high concentration with an event CV of 0.736 and Gini coefficient of 0.414,0.736,CV ratio,2022-2025,Maharashtra,Dengue,Phase 5C,01_SEASONAL_CONCENTRATION.csv,Row 2,Gini=0.414 reflects strong monthly inequality,What does the Gini coefficient measure here?,Inequality of outbreak event distribution across months; 0.414 confirms strong clustering,Do not confuse with income Gini coefficient
C028,11,Chikungunya exhibits diffuse seasonal concentration with an event CV of 0.515 and Gini coefficient of 0.289,0.515,CV ratio,2022-2025,Maharashtra,Chikungunya,Phase 5C,01_SEASONAL_CONCENTRATION.csv,Row 5,Diffuse activity across multiple calendar months,Why is Chikungunya diffuse?,Records are sparse and scattered across different months without a dominant recurrent peak,Do not claim Chikungunya has zero biological seasonality
C029,12,Acute Diarrheal Disease exhibits statistically significant rank concordance with Kendall's W of 0.530 (p=0.016),0.530,Kendall's W,2022-2025,Maharashtra,Acute Diarrheal Disease,Phase 5C,03_SEASONAL_STABILITY.csv,Row 1,Statistically significant rank profile consistency across years under FDR control,Is ADD seasonal pattern stable?,Yes it has statistically significant rank agreement across all 4 baseline years,Do not state Kendall's W proves meteorological causation
C030,12,Dengue exhibits moderate inter-annual rank concordance with Kendall's W of 0.405 (p=0.086 non-significant),0.405,Kendall's W,2022-2025,Maharashtra,Dengue,Phase 5C,03_SEASONAL_STABILITY.csv,Row 2,Peak month oscillates within a 5-month window across years,Is Dengue Kendall's W significant?,No p=0.086 is non-significant at the 0.05 level because peak month shifted across years,Do not call Dengue stability statistically significant
C031,12,Chikungunya exhibits low inter-annual stability with Kendall's W of 0.150 (p=0.832 non-significant),0.150,Kendall's W,2022-2025,Maharashtra,Chikungunya,Phase 5C,03_SEASONAL_STABILITY.csv,Row 5,Erratic reporting with small annual counts (7 events in 3 of 4 years),Why is Chikungunya stability low?,Sparse annual counts (7 events in 3 years) cause ranking orders to be completely erratic,Do not extrapolate from sparse records
C032,13,Malaria exhibits extreme geographic concentration with Gadchiroli and Chandrapur accounting for 61.4 percent of baseline events,61.4,percent,2022-2025,Gadchiroli & Chandrapur,Malaria,Phase 5C,08_DISTRICT_SEASON_ANALYSIS.csv,Malaria Summary,Gadchiroli N=27 (38.6%); Chandrapur N=16 (22.9%),Is Malaria statewide?,No 61.4% of reported outbreaks are concentrated in two eastern Vidarbha districts,Do not claim Malaria is a uniform statewide threat
C033,13,Chikungunya exhibits urban reporting focalization with Pune accounting for 25.6 percent of baseline events,25.6,percent,2022-2025,Pune District,Chikungunya,Phase 5C,08_DISTRICT_SEASON_ANALYSIS.csv,Chikungunya Summary,Pune N=11 (25.6%); only district with N >= 10,Why does Pune dominate Chikungunya?,Pune has established urban surveillance and diagnostic reporting capturing 25.6% of events,Do not assume Pune is the only infected area
C034,13,Dengue and Acute Diarrheal Disease exhibit broad statewide distribution across 31 and 33 districts respectively,31;33,districts,2022-2025,Maharashtra,Dengue & ADD,Phase 5C,08_DISTRICT_SEASON_ANALYSIS.csv,Summary,Reflects statewide surveillance footprint across rural and urban districts,Are Dengue and ADD widespread?,Yes they are reported across over 30 districts demonstrating broad statewide presence,Do not claim all districts report equally
C035,14,Total 2026 out-of-sample primary disease records through Week 32 number 45 compared to historical mean of 75.8,45,outbreak records,2026 W01-W32,Maharashtra,All Primary Families,Phase 5C,07_2026_OUT_OF_SAMPLE_COMPARISON.csv,Total Row,Represents 32-week partial-year monitoring,What is the purpose of the 2026 data?,Out-of-sample comparison to verify if early-year patterns match historical baselines,Do not call 2026 a forecast or full-year evaluation
C036,14,Acute Diarrheal Disease recorded 18 events in 2026 W01-W32 closely matching historical mean of 21.8 events,18,outbreak records,2026 W01-W32,Maharashtra,Acute Diarrheal Disease,Phase 5C,07_2026_OUT_OF_SAMPLE_COMPARISON.csv,Row 1,Difference of -17.2% reflects normal inter-annual variation,Did Diarrheal Disease match expectations in 2026?,Yes 18 events closely matched the historical 4-year mean of 21.8 events,Do not claim Diarrheal outbreaks were eradicated
C037,14,Dengue recorded 6 events in 2026 W01-W32 reflecting severe seasonal truncation,6,outbreak records,2026 W01-W32,Maharashtra,Dengue,Phase 5C,07_2026_OUT_OF_SAMPLE_COMPARISON.csv,Row 2,Historical baseline shows 55.4% of Dengue outbreaks occur post-W32,Why did Dengue report only 6 events in 2026?,Because over 55% of Dengue outbreaks occur after Week 32 which had not yet occurred,Do not claim Dengue declined in 2026
C038,14,Food Poisoning recorded 19 events in 2026 W01-W32 representing a 49.0 percent elevation above historical mean,19,outbreak records,2026 W01-W32,Maharashtra,Food Poisoning,Phase 5C,07_2026_OUT_OF_SAMPLE_COMPARISON.csv,Row 4,Historical 4-year mean = 12.8 events; all 19 used 'Suspected' label,Why did Food Poisoning increase in 2026?,Early-year reporting rose by 49% with all records using the Suspected label,Do not claim contaminated food supply increased
C039,15,Single institutional ADD outbreak in Nanded in Week 06 of 2024 generated 1000 reported cases,1000,reported cases,2024 W06,Nanded District,Acute Diarrheal Disease,Phase 5C,05_EVENT_CASE_DIVERGENCE.csv,Outlier Table,Record ID MAHA-2024-W06-001; creates artificial February case peak,Why did February have a case peak in ADD?,A single 1000-case outbreak in Nanded distorted February case totals,Do not assume February is the seasonal peak month for events
C040,15,Three high-case outbreak records in Food Poisoning generated 1615 cases in February,1615,reported cases,2022-2025 Feb,Kolhapur/Parbhani/Solapur,Food Poisoning,Phase 5C,06_OUTLIER_SENSITIVITY.csv,Section 2,Kolhapur (651) Parbhani (629) Solapur (335); extreme outlier effect,What caused the February case surge in Food Poisoning?,Three large outbreak records generated 1615 cases representing a severe outlier effect,Do not infer unevidenced exposure settings without source proof
C041,15,Dengue case and event concentrations are balanced with Top-3 Event CR3 at 50.5 percent and Case CR3 at 49.9 percent,50.5;49.9,percent,2022-2025,Maharashtra,Dengue,Phase 5C,05_EVENT_CASE_DIVERGENCE.csv,Dengue Row,Resilient against single-outlier distortions,Are Dengue cases distorted by outliers?,No event CR3 (50.5%) and case CR3 (49.9%) are well-balanced without single dominant records,Do not claim Dengue is vulnerable to single-point outliers
C042,16,Surveillance records do not measure true disease burden or asymptomatic community transmission,N/A,methodological boundary,2022-2026,Maharashtra,All Diseases,Phase 5D,06_LIMITATIONS_SYNTHESIS.md,Boundary 1,Captures only clusters reported to public health authorities,Does your data reflect all ill people?,No it captures investigated outbreak clusters meeting notification thresholds,Do not claim population prevalence or incidence
C043,16,A single high-volume surveillance year accounts for 51.0 percent of baseline Dengue records,51.0,percent,2023,Maharashtra,Dengue,Phase 5A,01_DATASET_INTEGRITY_AUDIT.csv,Dengue Section,104 of 204 baseline Dengue records occurred in 2023,Why is 2023 important for Dengue?,51% of all baseline Dengue records occurred in 2023 heavily weighting the aggregate curve,Do not treat 2023 as an average surveillance year
C044,16,Meteorological variables such as rainfall and humidity were not co-modeled with outbreak data,N/A,methodological boundary,2022-2025,Maharashtra,All Diseases,Phase 5D,06_LIMITATIONS_SYNTHESIS.md,Boundary 5,Seasonality inferred strictly from calendar-month distributions,Did you prove rainfall caused the outbreaks?,No meteorological data was not co-modeled; we demonstrated calendar-month concentration,Do not assert direct climatic causation
C045,17,Vector-borne disease reports demonstrate observed seasonal concentration in surveillance records,N/A,analytical conclusion,2022-2025,Maharashtra,Dengue & Malaria,Phase 5D,09_FINAL_ANALYTICAL_CONCLUSIONS.md,Conclusion 1,Dengue in late-monsoon/post-monsoon; Malaria in early monsoon,What is the core conclusion for vector-borne diseases?,Dengue and Malaria display strong calendar-month concentration in surveillance notifications,Do not claim statistically verified causation
C046,17,Enteric outbreaks display recurrent mid-monsoon elevation but total cases depend on isolated contamination events,N/A,analytical conclusion,2022-2025,Maharashtra,Acute Diarrheal Disease,Phase 5D,09_FINAL_ANALYTICAL_CONCLUSIONS.md,Conclusion 2,Event frequency peaks in Jun-Aug; case volume is cluster-dependent,What is the conclusion for Diarrheal Disease?,Events peak reliably in June-August but aggregate cases depend on point contamination events,Do not confuse event consistency with case stability
C047,17,Malaria vector control and diagnostic pre-positioning should occur in Eastern Vidarbha by April to May,N/A,surveillance recommendation,Annual Operations,Gadchiroli & Chandrapur,Malaria,Phase 5D,09_FINAL_ANALYTICAL_CONCLUSIONS.md,Recommendation 1,Precedes documented May-July peak concentration window,What is the operational recommendation for Malaria?,Pre-position RDT kits and vector spraying in Gadchiroli and Chandrapur by April-May,Do not give clinical treatment guidelines
C048,17,Municipal Dengue source reduction and hospital fever capacity should be mobilized by August to September,N/A,surveillance recommendation,Annual Operations,Statewide / Western Maha,Dengue,Phase 5D,09_FINAL_ANALYTICAL_CONCLUSIONS.md,Recommendation 2,Precedes documented September-October peak concentration window,What is the recommendation for Dengue?,Intensify municipal vector control and fever beds across urban districts by August,Do not prescribe medical drug regimens
C049,18,Primary on-site fieldwork and clinical survey evidence is not yet evidenced in current repository,N/A,compliance status,2026,Maharashtra,Project Submission,Professor Instructions,1000005242-46,Rubric Check,Secondary surveillance completed; primary fieldwork flagged for final submission,Did you conduct field surveys?,Secondary government data analysis is complete; primary on-site surveys are noted as not yet evidenced,Do not fabricate survey or interview data
C050,18,Project provides an audited reproducible data science pipeline of government health surveillance,100,percent auditable,2022-2026,Maharashtra,All Diseases,Phase 5D,12_PHASE5D_ANALYSIS_REPORT.md,Conclusion,Meets University of Mumbai Semester III Data Science standards,What is your main Data Science takeaway?,Building an end-to-end auditable pipeline that extracts robust seasonal signals from noisy public data,Do not claim to have solved disease biology
