slide_number,slide_title,primary_source_phase,primary_source_file,secondary_source_phase,secondary_source_file,visual_source,notes
1,Title & Identity,Phase 5D,08_RESEARCH_ALIGNMENT.md,Phase 5A,01_DATASET_INTEGRITY_AUDIT.csv,University/Institutional Emblem,Presents academic identity candidate programme and baseline scope
2,Epidemiological Context & Health Data Challenges,Phase 5D,06_LIMITATIONS_SYNTHESIS.md,Phase 5D,10_UNSUPPORTED_CLAIMS.md,Flow Diagram: Public Health Planning vs Noise,Defines data science role in addressing secondary surveillance noise
3,Research Questions & Central Inquiry,Phase 5D,07_OBJECTIVE_EVIDENCE_MATRIX.csv,Phase 5D,08_RESEARCH_ALIGNMENT.md,4-Quadrant Questions Matrix,Frames 4 core questions: seasonality stability geography outliers
4,Research Objectives & Project Scope,Phase 5D,07_OBJECTIVE_EVIDENCE_MATRIX.csv,Phase 5C,10_PHASE5C_ANALYSIS_REPORT.md,Objectives Alignment Table,Maps OBJ-01 through OBJ-08 across project pipeline
5,Data Source & Government Provenance,Phase 1-4,PHASE4B_MASTER_DATASET_REBUILD_REPORT.md,Phase 5A,01_DATASET_INTEGRITY_AUDIT.csv,NCDC/IDSP Official Portal Architecture,Apex government surveillance provenance from MoHFW GoI
6,Dataset Scope & Epidemiological Coverage,Phase 5A,01_DATASET_INTEGRITY_AUDIT.csv,Phase 5A,02_PRIMARY_DISEASE_AUDIT.csv,Coverage Metric Cards (809 records / 539 baseline),Defines 4-year baseline vs 2026 W01-W32 out-of-sample comparison
7,Data Engineering & Validation Pipeline,Phase 1-4,PHASE4B_MASTER_DATASET_REBUILD_REPORT.md,Phase 5A,03_MAPPING_DICTIONARY.csv,Pipeline Flowchart (Acquisition to Master),Details 5-stage engineering pipeline and zero-text-alteration rule
8,Disease Family Selection & Taxonomic Audit,Phase 5A,02_PRIMARY_DISEASE_AUDIT.csv,Phase 5A,03_MAPPING_DICTIONARY.csv,Taxonomy Flow (116 raw source strings -> 56 cleaned labels -> 30 families -> 5 primary),Audits raw disease strings into 5 primary study cohorts (92.5% volume)
9,Quantitative Seasonality Framework,Phase 5B,05_SEASONAL_STATISTICS.csv,Phase 5C,01_SEASONAL_CONCENTRATION.csv,Mathematical Formulations & Thresholds Table,Defines Sm CR3 CV Shannon Entropy Gini and Kendall's W
10,Seasonal Profiles of Primary Disease Families,Phase 5B,02_SEASONAL_INDICES.csv,Phase 5B,01_MONTHLY_DISTRIBUTION.csv,chart_seasonal_index_heatmap.png,Presents monthly distribution and seasonal indices for 5 diseases
11,Cross-Disease Comparison & Concentration Metrics,Phase 5C,01_SEASONAL_CONCENTRATION.csv,Phase 5C,02_PEAK_WINDOWS.csv,chart_seasonal_concentration.png,Compares concentration tiers: high moderate and diffuse
12,Inter-Annual Stability & Peak Timing Dynamics,Phase 5C,03_SEASONAL_STABILITY.csv,Phase 5C,04_PEAK_TIMING_SHIFTS.csv,chart_seasonal_stability_heatmap.png,Evaluates Kendall's W rank concordance and peak month shifts
13,Geographic Distribution & District Concentration,Phase 5C,08_DISTRICT_SEASON_ANALYSIS.csv,Phase 5D,05_DISTRICT_INTERPRETATION.csv,Choropleth/Bar Chart: District Outbreak Distribution,Demonstrates spatial focalization (Malaria in Vidarbha, Pune Chikungunya)
14,2026 Out-of-Sample Partial-Year Comparison,Phase 5C,07_2026_OUT_OF_SAMPLE_COMPARISON.csv,Phase 5A,06_2026_BIAS_CHECK.csv,chart_2026_comparison.png,Evaluates 45 YTD records against 4-year equivalent means
15,Outlier Sensitivity & Event-Case Divergence,Phase 5C,05_EVENT_CASE_DIVERGENCE.csv,Phase 5C,06_OUTLIER_SENSITIVITY.csv,chart_event_case_divergence.png,Shows institutional cluster distortions in ADD and Food Poisoning
16,Surveillance Boundaries & Methodological Limitations,Phase 5D,06_LIMITATIONS_SYNTHESIS.md,Phase 5D,10_UNSUPPORTED_CLAIMS.md,Boundary Matrix: Supported vs Unsupported Claims,Articulates threshold bias archive gaps and lack of climate data
17,Defensible Conclusions & Surveillance Implications,Phase 5D,09_FINAL_ANALYTICAL_CONCLUSIONS.md,Phase 5D,08_RESEARCH_ALIGNMENT.md,Surveillance Preparedness Operational Matrix,Formulates evidence-grounded public health operational windows
18,Academic References, Fieldwork Status & Viva Readiness,Phase 5E,09_PRESENTATION_REFERENCES.md,Professor Instructions,1000005242-46.jpg,University Evaluation Rubric Checklist,Cites verified references, notes fieldwork compliance status
