metric_or_claim,what_it_measures,formula_or_calculation_logic,input_data,period,result,interpretation,limitation,likely_examiner_question,defensible_answer
Baseline Outbreak Events,Total investigated community outbreak clusters in the primary cohort,Sum of validated outbreak records where year is 2022-2025 and disease is in primary cohort,NCDC_Maharashtra_CLEAN_ANALYTICAL.csv,2022-2025,539 records,Represents the primary empirical sample across 48 calendar months and 36 districts,Captures outbreak investigations meeting notification thresholds not total community illnesses,What does 539 represent?,It represents 539 distinct outbreak events investigated and notified by IDSP Rapid Response Teams across Maharashtra over 4 years.
Baseline Reported Cases,Cumulative patient cases enumerated during investigated outbreaks,Sum of cases field across 539 primary baseline records,NCDC_Maharashtra_CLEAN_ANALYTICAL.csv,2022-2025,21955 cases,Reflects total patient volume documented in official outbreak investigation reports,Subject to distortion by isolated massive institutional contamination outbreaks,Does 21955 mean total disease cases in Maharashtra?,No it represents patients enumerated specifically within officially investigated outbreaks not endemic clinic attendance.
Baseline Reported Deaths,Cumulative outbreak-associated fatalities documented during field investigations,Sum of deaths field across 539 primary baseline records,NCDC_Maharashtra_CLEAN_ANALYTICAL.csv,2022-2025,266 deaths,Documented mortality directly associated with notified outbreak clusters,Reflects outbreak deaths only; does not measure general population mortality,How reliable are the mortality figures?,They are verified by local Rapid Response Teams during outbreak investigations and published in official weekly bulletins.
Dengue June-October Concentration,Seasonal concentration of Dengue outbreak events in late monsoon and post-monsoon,Sum of Dengue events in June-October divided by total baseline Dengue events (169/204),01_MONTHLY_DISTRIBUTION.csv,2022-2025,82.8% of events,Dengue outbreaks cluster heavily in the second half of the year peaking in October (19.6%) and September (17.6%),Reflects calendar-month reporting; does not directly co-model local rainfall or mosquito larval indices,Why does Dengue peak in October after rains subside?,Aedes aegypti breeding peaks in post-monsoon stagnant fresh water and warm temperatures creating an established lag after peak rain.
Dengue October Seasonal Index,Relative elevation of Dengue outbreak frequency in October compared to average month,100 * (Mean October Events / Annual Mean Monthly Events) = 100 * (40 / 17.0),02_SEASONAL_INDICES.csv,2022-2025,Sm = 235.3,October outbreak frequency is 2.35 times (or 135% above) the annualized monthly average,Descriptive index of historical surveillance density; not a predictive risk probability,What does Sm = 235.3 mean in practical terms?,It means October historically experiences more than double the average monthly outbreak notifications.
Malaria May-July Concentration,Early-monsoon concentration of Malaria outbreak notifications,Sum of Malaria events in May-July divided by total baseline Malaria events (36/70),01_MONTHLY_DISTRIBUTION.csv,2022-2025,51.4% of events,Malaria outbreaks concentrate tightly in early monsoon peaking in June (21.4%) and July (20.0%),Driven predominantly by two forested eastern Vidarbha districts rather than uniform statewide transmission,Is this early peak uniform across Maharashtra?,No spatial analysis shows this pattern is heavily driven by Gadchiroli and Chandrapur districts which account for 61.4% of events.
Malaria June Seasonal Index,Relative elevation of Malaria outbreak frequency in June,100 * (Mean June Events / Annual Mean Monthly Events) = 100 * (15 / 5.83),02_SEASONAL_INDICES.csv,2022-2025,Sm = 257.1,June outbreak frequency is 2.57 times the annualized monthly average,Reflects early-monsoon surveillance surge in forested endemic zones,Why does Malaria peak earlier than Dengue?,Anopheles vectors in forested streams respond quickly to the onset of monsoon rains whereas urban Aedes breeding lags into post-monsoon.
Acute Diarrheal Disease Monsoon Window,Core monsoon seasonal concentration of enteric water-borne outbreaks,Sum of ADD events in June-August divided by total baseline ADD events (66/153),01_MONTHLY_DISTRIBUTION.csv,2022-2025,43.1% of events,ADD outbreaks show recurring event elevations during peak monsoon months (July peak 14.4%),Total cases in other months are distorted by isolated institutional water contamination events,Why is ADD concentration lower than Dengue?,Water contamination can occur year-round though heavy monsoon runoff regularly increases pipeline contamination.
ADD Kendall's W Rank Concordance,Inter-annual stability of 12-month outbreak rank profiles across 4 baseline years,12*S / [m^2 * (n^3 - n)] where m=4 years and n=12 months,03_SEASONAL_STABILITY.csv,2022-2025,W = 0.530 (p = 0.016),Statistically significant concordance under FDR control indicating reproducible year-to-year monthly rank patterns,Evaluates rank order across 4 annual vectors; does not measure absolute case magnitude,What does Kendall's W = 0.530 tell us?,It proves that the monthly ranking of Diarrheal outbreaks repeats consistently from year to year rather than occurring randomly.
Dengue Kendall's W Rank Concordance,Inter-annual rank stability of Dengue monthly profiles across 4 baseline years,12*S / [m^2 * (n^3 - n)] where m=4 years and n=12 months,03_SEASONAL_STABILITY.csv,2022-2025,W = 0.405 (p = 0.086 non-sig),Moderate rank concordance; non-significant at 0.05 level due to peak month shifting between June and October across years,Evaluates only 4 annual vectors (m=4); non-significance reflects timing shifts not absence of concentration,Why is Dengue W non-significant if concentration is 82.8%?,Because the peak month oscillated across years (Sep in 2022, Oct in 2023, Jun/Jul in 2024), reducing rank agreement across the 12 months.
Food Poisoning Bimodal Concentration,Temporal distribution of reported Food Poisoning outbreak events,Percentage of events in Jan-Feb (26.1%) and Apr-May (29.0%),01_MONTHLY_DISTRIBUTION.csv,2022-2025,55.1% in bimodal peaks,Shows discrete bimodal cluster notifications in late winter and spring rather than continuous weather cycles,Case totals are governed by rare high-case outbreak events rather than steady environmental exposure,Why does Food Poisoning peak in winter and spring?,It reflects discrete temporal cluster notifications; case volumes are heavily driven by isolated high-volume outbreak events.
Chikungunya Diffuse Profile,Distribution of Chikungunya outbreak events across calendar months,Top-3 Concentration Ratio CR3 across 12 months,01_SEASONAL_CONCENTRATION.csv,2022-2025,CR3 = 39.5% (CV = 0.515),Diffuse distribution with sporadic reporting across multiple months and no stable annual window,Data-sparse cohort (N=43 over 4 years; 7 events in 3 of 4 years),Why is Chikungunya diffuse?,Surveillance is sparse and largely confined to Pune district; small sample size prevents detection of a stable statewide curve.
Coefficient of Variation (CV),Relative dispersion and temporal inequality of monthly event counts,Standard deviation of 12 monthly event counts divided by monthly mean (sigma / mu),01_SEASONAL_CONCENTRATION.csv,2022-2025,Malaria 0.753; Dengue 0.736; ADD 0.524,Classifies diseases into High (CV > 0.70), Moderate (0.50-0.70), and Diffuse tiers,Sensitive to mean scale; evaluated alongside CR3 and Gini coefficient,Why use CV instead of standard deviation?,CV standardizes dispersion by dividing by the mean allowing direct fair comparison between high-volume and low-volume diseases.
Spatial Focalization of Malaria,Geographic concentration of reported Malaria outbreaks in eastern Vidarbha,Events in Gadchiroli (27) and Chandrapur (16) divided by total baseline Malaria events (43/70),08_DISTRICT_SEASON_ANALYSIS.csv,2022-2025,61.4% of events,Statewide Malaria surveillance patterns are driven primarily by two forested endemic districts,Reflects district reporting sensitivity and endemic ecology not statewide uniform risk,Does Maharashtra have a statewide Malaria problem?,Surveillance shows Malaria outbreaks are highly localized: over 60% of investigated outbreaks occur in Gadchiroli and Chandrapur.
Spatial Focalization of Chikungunya,Geographic concentration of Chikungunya in urban western Maharashtra,Events in Pune district divided by total baseline Chikungunya events (11/43),08_DISTRICT_SEASON_ANALYSIS.csv,2022-2025,25.6% of events,Pune is the only district with >= 10 records reflecting localized urban reporting,Reflects urban diagnostic awareness and testing infrastructure,Why does Pune dominate Chikungunya records?,Pune has established tertiary diagnostic labs and active municipal fever surveillance that actively report Chikungunya clusters.
2026 Out-of-Sample ADD Events,Out-of-sample monitoring check of ADD events in partial-year 2026,Comparison of observed 2026 W01-W32 count to historical 4-year mean for W01-W32,07_2026_OUT_OF_SAMPLE_COMPARISON.csv,2026 W01-W32,18 events (historical mean 21.8),Observed events closely track historical early-year expectations (-17.2% difference within normal variation),Partial-year data covering 32 weeks only; cannot evaluate complete year,Did Diarrheal Disease follow expectations in 2026?,Yes 18 events closely matched the 4-year historical equivalent average of 21.8 events.
2026 Out-of-Sample Dengue Truncation,Out-of-sample monitoring check of Dengue events in partial-year 2026,Comparison of observed 2026 W01-W32 count to historical 4-year mean for W01-W32,07_2026_OUT_OF_SAMPLE_COMPARISON.csv,2026 W01-W32,6 events (historical mean 22.8),Demonstrates severe seasonal truncation because 55.4% of Dengue outbreaks historically occur after Week 32,Must not be interpreted as an annual decline or disease eradication,Why were only 6 Dengue outbreaks reported in 2026?,Because the data ends at Week 32 and Dengue's primary peak season occurs during Weeks 33 to 44 in September and October.
Nanded ADD Outlier Distortion,Impact of single massive institutional outbreak on monthly case totals,Case count of record MAHA-2024-W06-001 in Nanded in Week 06 of 2024,05_EVENT_CASE_DIVERGENCE.csv,2024 W06,1000 cases in 1 event,Created an artificial February case peak (17.5% of cases from only 5.9% of events),Excluding this single event restores peak case volume to October (17.2%) and August (16.9%),Why did February have the most Diarrheal cases?,A single institutional water contamination outbreak in Nanded produced 1000 cases artificially distorting the February case total.
Food Poisoning Case Outlier Impact,Impact of three high-case records on February Food Poisoning cases,Sum of cases in Kolhapur (651), Parbhani (629), and Solapur (335) in February,06_OUTLIER_SENSITIVITY.csv,2022-2025 Feb,1615 cases across 3 events,February case surge (36.5% of cases) is driven by three high-case outbreak events,Excluding these three records shifts peak case volume to April (20.8%),What explains the February surge in Food Poisoning cases?,Three high-case outbreak records generated 1615 cases representing a severe outlier effect on aggregate monthly case volume.
