record_id,source_year,source_week,source_pdf,source_page,internal_week_raw,week_verification_status,state,district_raw,district_normalized,disease_raw,disease_normalized,cases,deaths,status_raw,outbreak_starting_date_raw,outbreak_starting_date,reporting_date_raw,reporting_date,week_start_date,week_end_date,extraction_method,extraction_confidence,official_idsp_id,acquisition_batch,notes,duplicate_in_master
MAHA-2022-W02-001,2022,2,NCDC weekly outbreaks/2022/week2.pdf,3,02,MATCH,Maharashtra,Gadchiroli,Gadchiroli,Malaria,Malaria,7,2,Under Surveillance,10-01-22,2022-01-10,14-01-22,2022-01-14,2022-01-10,2022-01-16,TEXT,HIGH,MH/GAD/2022/02/004,PHASE4B_2022_W01_W24,Official IDSP unique ID: MH/GAD/2022/02/004,NEW
MAHA-2022-W06-001,2022,6,NCDC weekly outbreaks/2022/week6.pdf,3,06,MATCH,Maharashtra,Gadchiroli,Gadchiroli,Malaria,Malaria,1,1,Under Surveillance,09-02-22,2022-02-09,10-02-22,2022-02-10,2022-02-07,2022-02-13,TEXT,HIGH,MH/FAT/2022/06/026,PHASE4B_2022_W01_W24,Official IDSP unique ID: MH/FAT/2022/06/026,NEW
MAHA-2022-W09-001,2022,9,NCDC weekly outbreaks/2022/week9.pdf,5,09,MATCH,Maharashtra,Akola,Akola,Food Poisoning,Food_Poisoning,102,0,Under Control,01-03-22,2022-03-01,02-03-22,2022-03-02,2022-02-28,2022-03-06,TEXT,HIGH,MH/AKL/2022/09/052,PHASE4B_2022_W01_W24,Official IDSP unique ID: MH/AKL/2022/09/052,NEW
MAHA-2022-W11-001,2022,11,NCDC weekly outbreaks/2022/week11.pdf,4,11,MATCH,Maharashtra,Akola,Akola,Chickenpox,Chickenpox,5,0,Under Surveillance,15-03-22,2022-03-15,17-03-22,2022-03-17,2022-03-14,2022-03-20,TEXT,HIGH,MH/AKL/2022/11/078,PHASE4B_2022_W01_W24,Official IDSP unique ID: MH/AKL/2022/11/078,NEW
MAHA-2022-W11-002,2022,11,NCDC weekly outbreaks/2022/week11.pdf,4,11,MATCH,Maharashtra,Akola,Akola,Chikungunya,Chikungunya,9,0,Under Surveillance,12-03-22,2022-03-12,17-03-22,2022-03-17,2022-03-14,2022-03-20,TEXT,HIGH,MH/AKL/2022/11/079,PHASE4B_2022_W01_W24,Official IDSP unique ID: MH/AKL/2022/11/079,NEW
MAHA-2022-W12-001,2022,12,NCDC weekly outbreaks/2022/week12.pdf,5,12,MATCH,Maharashtra,Raigad,Raigad,Dengue,Dengue,11,0,Under Surveillance,21-03-22,2022-03-21,25-03-22,2022-03-25,2022-03-21,2022-03-27,TEXT,HIGH,MH/RGD/2022/12/096,PHASE4B_2022_W01_W24,Official IDSP unique ID: MH/RGD/2022/12/096,NEW
MAHA-2022-W13-001,2022,13,NCDC weekly outbreaks/2022/week13.pdf,6,13,MATCH,Maharashtra,Akola,Akola,Chikungunya,Chikungunya,3,0,Under Surveillance,29-03-22,2022-03-29,30-03-22,2022-03-30,2022-03-28,2022-04-03,TEXT,HIGH,MH/AKL/2022/13/113,PHASE4B_2022_W01_W24,Official IDSP unique ID: MH/AKL/2022/13/113,NEW
MAHA-2022-W16-001,2022,16,NCDC weekly outbreaks/2022/week16.pdf,5,16,MATCH,Maharashtra,Pune,Pune,Solapur Food Poisoning,Food_Poisoning,31,0,Under Control,17-04-22,2022-04-17,19-04-22,2022-04-19,2022-04-18,2022-04-24,TEXT,HIGH,MH/SHO/2022/16/154,PHASE4B_2022_W01_W24,Official IDSP unique ID: MH/SHO/2022/16/154,NEW
MAHA-2022-W19-001,2022,19,NCDC weekly outbreaks/2022/week19.pdf,10,19,MATCH,Maharashtra,Dhule,Dhule,Jalgaon Dengue,Dengue,9,1,Under Control,06-05-2022,2022-05-06,11-05-2022,2022-05-11,2022-05-09,2022-05-15,TEXT,HIGH,MH/JGA/2022/19/248,PHASE4B_2022_W01_W24,Official IDSP unique ID: MH/JGA/2022/19/248,NEW
MAHA-2022-W19-002,2022,19,NCDC weekly outbreaks/2022/week19.pdf,10,19,MATCH,Maharashtra,Nashik,Nashik,Chikungunya,Chikungunya,6,0,Under Control,09-05-2022,2022-05-09,10-05-2022,2022-05-10,2022-05-09,2022-05-15,TEXT,HIGH,MH/NAS/2022/19/249,PHASE4B_2022_W01_W24,Official IDSP unique ID: MH/NAS/2022/19/249,NEW
MAHA-2022-W19-003,2022,19,NCDC weekly outbreaks/2022/week19.pdf,16,19,MATCH,Maharashtra,Sindhudurg,Sindhudurg,Kudal) Malaria (PV),Malaria,5,0,Under Surveillance,04-05-22,2022-05-04,24-04-22,2022-04-24,2022-05-09,2022-05-15,TEXT,HIGH,MH/SIN/2022/19/271,PHASE4B_2022_W01_W24,Official IDSP unique ID: MH/SIN/2022/19/271,NEW
MAHA-2022-W20-001,2022,20,NCDC weekly outbreaks/2022/week20.pdf,8,20,MATCH,Maharashtra,Pune,Pune,Dengue,Dengue,21,0,Under Control,16-05-22,2022-05-16,17-05-22,2022-05-17,2022-05-16,2022-05-22,TEXT,HIGH,MH/PNE/2022/20/290,PHASE4B_2022_W01_W24,Official IDSP unique ID: MH/PNE/2022/20/290,NEW
MAHA-2022-W20-002,2022,20,NCDC weekly outbreaks/2022/week20.pdf,11,20,MATCH,Maharashtra,Pune,Pune,Dengue,Dengue,12,0,Completed,23-04-22,2022-04-23,12-05-22,2022-05-12,2022-05-16,2022-05-22,TEXT,HIGH,MH/PNE/2022/20/302,PHASE4B_2022_W01_W24,Official IDSP unique ID: MH/PNE/2022/20/302,NEW
MAHA-2022-W21-001,2022,21,NCDC weekly outbreaks/2022/week21.pdf,8,21,MATCH,Maharashtra,Chandrapur,Chandrapur,Malaria,Malaria,13,1,Under Control,25-05-22,2022-05-25,25-05-22,2022-05-25,2022-05-23,2022-05-29,TEXT,HIGH,MH/CND/2022/21/320,PHASE4B_2022_W01_W24,Official IDSP unique ID: MH/CND/2022/21/320,NEW
MAHA-2022-W21-002,2022,21,NCDC weekly outbreaks/2022/week21.pdf,8,21,MATCH,Maharashtra,Latur,Latur,Food Poisoning,Food_Poisoning,42,0,Under Control,25-05-22,2022-05-25,25-05-22,2022-05-25,2022-05-23,2022-05-29,TEXT,HIGH,MH/LTR/2022/21/321,PHASE4B_2022_W01_W24,Official IDSP unique ID: MH/LTR/2022/21/321,NEW
MAHA-2022-W21-003,2022,21,NCDC weekly outbreaks/2022/week21.pdf,8,21,MATCH,Maharashtra,Latur,Latur,Food Poisoning,Food_Poisoning,376,0,Under Control,23-05-22,2022-05-23,23-05-22,2022-05-23,2022-05-23,2022-05-29,TEXT,HIGH,MH/LTR/2022/21/322,PHASE4B_2022_W01_W24,Official IDSP unique ID: MH/LTR/2022/21/322,NEW
MAHA-2022-W22-001,2022,22,NCDC weekly outbreaks/2022/week22.pdf,9,22,MATCH,Maharashtra,Gadchiroli,Gadchiroli,Malaria,Malaria,196,0,Under Control,29-05-2022,2022-05-29,31-05-2022,2022-05-31,2022-05-30,2022-06-05,TEXT,HIGH,MH/GAD/2022/22/371,PHASE4B_2022_W01_W24,Official IDSP unique ID: MH/GAD/2022/22/371,NEW
MAHA-2022-W22-002,2022,22,NCDC weekly outbreaks/2022/week22.pdf,9,22,MATCH,Maharashtra,Gadchiroli,Gadchiroli,Malaria,Malaria,114,1,Under Control,29-05-2022,2022-05-29,30-05-2022,2022-05-30,2022-05-30,2022-06-05,TEXT,HIGH,MH/GAD/2022/22/372,PHASE4B_2022_W01_W24,Official IDSP unique ID: MH/GAD/2022/22/372,NEW
MAHA-2022-W22-003,2022,22,NCDC weekly outbreaks/2022/week22.pdf,9,22,MATCH,Maharashtra,Nagpur,Nagpur,Acute Diarrheal Disease,Acute_Diarrheal_Disease,41,0,Under Control,01-06-2022,2022-06-01,02-06-2022,2022-06-02,2022-05-30,2022-06-05,TEXT,HIGH,MH/NAG/2022/22/373,PHASE4B_2022_W01_W24,Official IDSP unique ID: MH/NAG/2022/22/373,NEW
MAHA-2022-W22-004,2022,22,NCDC weekly outbreaks/2022/week22.pdf,10,22,MATCH,Maharashtra,Pune,Pune,Acute Diarrheal Disease,Acute_Diarrheal_Disease,97,0,Under Control,20-05-2022,2022-05-20,31-05-2022,2022-05-31,2022-05-30,2022-06-05,TEXT,HIGH,MH/PNE/2022/22/374,PHASE4B_2022_W01_W24,Official IDSP unique ID: MH/PNE/2022/22/374,NEW
MAHA-2022-W22-005,2022,22,NCDC weekly outbreaks/2022/week22.pdf,10,22,MATCH,Maharashtra,Pune,Pune,Satara Chikungunya,Chikungunya,5,0,Under Control,31-05-2022,2022-05-31,31-05-2022,2022-05-31,2022-05-30,2022-06-05,TEXT,HIGH,MH/STA/2022/22/375,PHASE4B_2022_W01_W24,Official IDSP unique ID: MH/STA/2022/22/375,NEW
MAHA-2022-W23-001,2022,23,NCDC weekly outbreaks/2022/week23.pdf,9,23,MATCH,Maharashtra,Chandrapur,Chandrapur,Malaria,Malaria,3,1,Under Control,04-06-2022,2022-06-04,06-06-2022,2022-06-06,2022-06-06,2022-06-12,TEXT,HIGH,MH/CND/2022/23/422,PHASE4B_2022_W01_W24,Official IDSP unique ID: MH/CND/2022/23/422,NEW
MAHA-2022-W23-002,2022,23,NCDC weekly outbreaks/2022/week23.pdf,9,23,MATCH,Maharashtra,Latur,Latur,Acute Diarrheal Disease,Acute_Diarrheal_Disease,21,0,Under Control,07-06-2022,2022-06-07,08-06-2022,2022-06-08,2022-06-06,2022-06-12,TEXT,HIGH,MH/LTR/2022/23/423,PHASE4B_2022_W01_W24,Official IDSP unique ID: MH/LTR/2022/23/423,NEW
MAHA-2022-W23-003,2022,23,NCDC weekly outbreaks/2022/week23.pdf,10,23,MATCH,Maharashtra,Pune,Pune,Satara Chikungunya,Chikungunya,5,0,Under Control,03-06-2022,2022-06-03,07-06-2022,2022-06-07,2022-06-06,2022-06-12,TEXT,HIGH,MH/STA/2022/23/424,PHASE4B_2022_W01_W24,Official IDSP unique ID: MH/STA/2022/23/424,NEW
MAHA-2022-W23-004,2022,23,NCDC weekly outbreaks/2022/week23.pdf,10,23,MATCH,Maharashtra,Yavatmal,Yavatmal,Food poisoning,Food_Poisoning,15,0,Under Control,06-06-22,2022-06-06,08-06-22,2022-06-08,2022-06-06,2022-06-12,TEXT,HIGH,MH/YVT/2022/23/425,PHASE4B_2022_W01_W24,Official IDSP unique ID: MH/YVT/2022/23/425,NEW
MAHA-2022-W23-005,2022,23,NCDC weekly outbreaks/2022/week23.pdf,15,23,MATCH,Maharashtra,Dhule,Dhule,Jalgaon Chikungunya,Chikungunya,9,0,Under Control,23-05-22,2022-05-23,20-05-22,2022-05-20,2022-06-06,2022-06-12,TEXT,HIGH,MH/JGA/2022/23/442,PHASE4B_2022_W01_W24,Official IDSP unique ID: MH/JGA/2022/23/442,NEW
MAHA-2022-W24-001,2022,24,NCDC weekly outbreaks/2022/week24.pdf,7,24,MATCH,Maharashtra,Gadchiroli,Gadchiroli,IHIP) Gondia Malaria,Malaria,47,1,Under Control,13-06-2022,2022-06-13,15-06-2022,2022-06-15,2022-06-13,2022-06-19,TEXT,HIGH,MH/GOD/2022/24/459,PHASE4B_2022_W01_W24,Official IDSP unique ID: MH/GOD/2022/24/459,NEW
MAHA-2022-W24-002,2022,24,NCDC weekly outbreaks/2022/week24.pdf,7,24,MATCH,Maharashtra,Nagpur,Nagpur,Acute Diarrheal Disease,Acute_Diarrheal_Disease,47,0,Under Control,15-06-2022,2022-06-15,16-06-2022,2022-06-16,2022-06-13,2022-06-19,TEXT,HIGH,MH/NAG/2022/24/460,PHASE4B_2022_W01_W24,Official IDSP unique ID: MH/NAG/2022/24/460,NEW
MAHA-2022-W24-003,2022,24,NCDC weekly outbreaks/2022/week24.pdf,10,24,MATCH,Maharashtra,Mumbai,Mumbai City,Measles & Rubella,Measles,30,0,Under Control,30-04-22,2022-04-30,,,2022-06-13,2022-06-19,TEXT,HIGH,MH/WAS/2022/24/467,PHASE4B_2022_W01_W24,Official IDSP unique ID: MH/WAS/2022/24/467,NEW