record_id,official_idsp_id,acquisition_batch,duplicate_in_master
MAHA-2022-W02-001,MH/GAD/2022/02/004,PHASE4B_2022_W01_W24,NEW
MAHA-2022-W06-001,MH/FAT/2022/06/026,PHASE4B_2022_W01_W24,NEW
MAHA-2022-W09-001,MH/AKL/2022/09/052,PHASE4B_2022_W01_W24,NEW
MAHA-2022-W11-001,MH/AKL/2022/11/078,PHASE4B_2022_W01_W24,NEW
MAHA-2022-W11-002,MH/AKL/2022/11/079,PHASE4B_2022_W01_W24,NEW
MAHA-2022-W12-001,MH/RGD/2022/12/096,PHASE4B_2022_W01_W24,NEW
MAHA-2022-W13-001,MH/AKL/2022/13/113,PHASE4B_2022_W01_W24,NEW
MAHA-2022-W16-001,MH/SHO/2022/16/154,PHASE4B_2022_W01_W24,NEW
MAHA-2022-W19-001,MH/JGA/2022/19/248,PHASE4B_2022_W01_W24,NEW
MAHA-2022-W19-002,MH/NAS/2022/19/249,PHASE4B_2022_W01_W24,NEW
MAHA-2022-W19-003,MH/SIN/2022/19/271,PHASE4B_2022_W01_W24,NEW
MAHA-2022-W20-001,MH/PNE/2022/20/290,PHASE4B_2022_W01_W24,NEW
MAHA-2022-W20-002,MH/PNE/2022/20/302,PHASE4B_2022_W01_W24,NEW
MAHA-2022-W21-001,MH/CND/2022/21/320,PHASE4B_2022_W01_W24,NEW
MAHA-2022-W21-002,MH/LTR/2022/21/321,PHASE4B_2022_W01_W24,NEW
MAHA-2022-W21-003,MH/LTR/2022/21/322,PHASE4B_2022_W01_W24,NEW
MAHA-2022-W22-001,MH/GAD/2022/22/371,PHASE4B_2022_W01_W24,NEW
MAHA-2022-W22-002,MH/GAD/2022/22/372,PHASE4B_2022_W01_W24,NEW
MAHA-2022-W22-003,MH/NAG/2022/22/373,PHASE4B_2022_W01_W24,NEW
MAHA-2022-W22-004,MH/PNE/2022/22/374,PHASE4B_2022_W01_W24,NEW
MAHA-2022-W22-005,MH/STA/2022/22/375,PHASE4B_2022_W01_W24,NEW
MAHA-2022-W23-001,MH/CND/2022/23/422,PHASE4B_2022_W01_W24,NEW
MAHA-2022-W23-002,MH/LTR/2022/23/423,PHASE4B_2022_W01_W24,NEW
MAHA-2022-W23-003,MH/STA/2022/23/424,PHASE4B_2022_W01_W24,NEW
MAHA-2022-W23-004,MH/YVT/2022/23/425,PHASE4B_2022_W01_W24,NEW
MAHA-2022-W23-005,MH/JGA/2022/23/442,PHASE4B_2022_W01_W24,NEW
MAHA-2022-W24-001,MH/GOD/2022/24/459,PHASE4B_2022_W01_W24,NEW
MAHA-2022-W24-002,MH/NAG/2022/24/460,PHASE4B_2022_W01_W24,NEW
MAHA-2022-W24-003,MH/WAS/2022/24/467,PHASE4B_2022_W01_W24,NEW