year,week,filename,acquisition_status,official_url,file_size_bytes,sha256,page_count,text_extractable,maharashtra_present,week_status,records_extracted,nil_confirmed,duplicate_risk,notes
2022,1,week1.pdf,DOWNLOADED,https://ncdc.mohfw.gov.in/uploads/weekly_outbreaks/2022/week1.pdf,471124,9063119d5bcc1f7f746c1b2e46c59936f2b19ad362d017900beffaef0d3f85e3,3,YES,NO,NO_MAHARASHTRA,0,YES,NONE,No Maharashtra outbreak records in this week
2022,2,week2.pdf,DOWNLOADED,https://ncdc.mohfw.gov.in/uploads/weekly_outbreaks/2022/week2.pdf,470927,016d4f0db19af2615448f47aa15c6f1b8999e8e96d04ca175f8ed874d5d6b04a,3,YES,YES,OUTBREAK_RECORDS_EXTRACTED,1,NO,NONE,1 Maharashtra outbreak records extracted
2022,3,week3.pdf,DOWNLOADED,https://ncdc.mohfw.gov.in/uploads/weekly_outbreaks/2022/week3.pdf,515163,440a67b4a8d52aa3e7490eb892540dee710071b58dc30ecc35a51419c51f5492,5,YES,NO,NO_MAHARASHTRA,0,YES,NONE,No Maharashtra outbreak records in this week
2022,4,week4.pdf,DOWNLOADED,https://ncdc.mohfw.gov.in/uploads/weekly_outbreaks/2022/week4.pdf,477371,f458a020d6ba34a9f0718549e64068d106ac82e51213e9b1c31a80d2e2898931,4,YES,NO,NO_MAHARASHTRA,0,YES,NONE,No Maharashtra outbreak records in this week
2022,5,week5.pdf,DOWNLOADED,https://ncdc.mohfw.gov.in/uploads/weekly_outbreaks/2022/week5.pdf,523815,54ecc5d19030ea386e2cc4d772071fd7a4c479f0ae5c13f2b7a2dd05cbfbef3e,4,YES,NO,NO_MAHARASHTRA,0,YES,NONE,No Maharashtra outbreak records in this week
2022,6,week6.pdf,DOWNLOADED,https://ncdc.mohfw.gov.in/uploads/weekly_outbreaks/2022/week6.pdf,494947,8b4ec0fab72939ed4ae3adee8e965775221a3caab6b678158884759564758db8,4,YES,YES,OUTBREAK_RECORDS_EXTRACTED,1,NO,NONE,1 Maharashtra outbreak records extracted
2022,7,week7.pdf,DOWNLOADED,https://ncdc.mohfw.gov.in/uploads/weekly_outbreaks/2022/week7.pdf,506966,19e22ba679c072c3c93f40e023e1077f7ea3c9ab2c7811d9992a1bf182811eb5,5,YES,NO,NO_MAHARASHTRA,0,YES,NONE,No Maharashtra outbreak records in this week
2022,8,week8.pdf,DOWNLOADED,https://ncdc.mohfw.gov.in/uploads/weekly_outbreaks/2022/week8.pdf,521390,a008e41dddd11a3f81823abe6a487beaa5f43fcebbbeeeec2811c7d3b49238bd,5,YES,NO,NO_MAHARASHTRA,0,YES,NONE,No Maharashtra outbreak records in this week
2022,9,week9.pdf,DOWNLOADED,https://ncdc.mohfw.gov.in/uploads/weekly_outbreaks/2022/week9.pdf,559536,50293a069290870e0b6b17bcfaa60261ac72a79f2c7822c387cb57b419050bb1,7,YES,YES,OUTBREAK_RECORDS_EXTRACTED,1,NO,NONE,1 Maharashtra outbreak records extracted
2022,10,week10.pdf,DOWNLOADED,https://ncdc.mohfw.gov.in/uploads/weekly_outbreaks/2022/week10.pdf,665988,40c679dcac989785b301e3f3aa31806208bdd6db09a449253176b94b2964e33f,7,YES,NO,NO_MAHARASHTRA,0,YES,NONE,No Maharashtra outbreak records in this week
2022,11,week11.pdf,DOWNLOADED,https://ncdc.mohfw.gov.in/uploads/weekly_outbreaks/2022/week11.pdf,549913,911ce31b1a6b9adaf02c2b2370f4e8cbc7640bdd6fcb983e8baffb241015c5ee,7,YES,YES,OUTBREAK_RECORDS_EXTRACTED,2,NO,NONE,2 Maharashtra outbreak records extracted
2022,12,week12.pdf,DOWNLOADED,https://ncdc.mohfw.gov.in/uploads/weekly_outbreaks/2022/week12.pdf,688632,f306e27134c2cb28b137b801978b70aea323c30f632332dd52654a6039f1ccda,8,YES,YES,OUTBREAK_RECORDS_EXTRACTED,1,NO,NONE,1 Maharashtra outbreak records extracted
2022,13,week13.pdf,DOWNLOADED,https://ncdc.mohfw.gov.in/uploads/weekly_outbreaks/2022/week13.pdf,621897,76112bdccf11c58378eaf8519cab3925aab8cfb64a2ec590479041559ea99777,11,YES,YES,OUTBREAK_RECORDS_EXTRACTED,1,NO,NONE,1 Maharashtra outbreak records extracted
2022,14,week14.pdf,DOWNLOADED,https://ncdc.mohfw.gov.in/uploads/weekly_outbreaks/2022/week14.pdf,516086,04bbb6e33c9b181b2cac4979054f02ea284f370bc8f7bc4385b5dce95b8a2c14,5,YES,NO,NO_MAHARASHTRA,0,YES,NONE,No Maharashtra outbreak records in this week
2022,15,week15.pdf,DOWNLOADED,https://ncdc.mohfw.gov.in/uploads/weekly_outbreaks/2022/week15.pdf,549984,fa3b688697522b142880a14863ad80f556f2091f184eb6ba8f6afe69a68873c4,7,YES,NO,NO_MAHARASHTRA,0,YES,NONE,No Maharashtra outbreak records in this week
2022,16,week16.pdf,DOWNLOADED,https://ncdc.mohfw.gov.in/uploads/weekly_outbreaks/2022/week16.pdf,615291,d900727573a581612eebc631f97f3c21e7601cf317cf5c65dae9eee6ccdc0c2b,10,YES,YES,OUTBREAK_RECORDS_EXTRACTED,1,NO,NONE,1 Maharashtra outbreak records extracted
2022,17,week17.pdf,DOWNLOADED,https://ncdc.mohfw.gov.in/uploads/weekly_outbreaks/2022/week17.pdf,620689,9a2a870114cf74e2606be63ecedb9d705c3f73b9123133b86c024aa9ee4cac48,10,YES,NO,NO_MAHARASHTRA,0,YES,NONE,No Maharashtra outbreak records in this week
2022,18,week18.pdf,DOWNLOADED,https://ncdc.mohfw.gov.in/uploads/weekly_outbreaks/2022/week18.pdf,760400,fa24097a09126413dea70013174b7c32f4aae788810e808fd8d83cdb281a8238,13,YES,NO,NO_MAHARASHTRA,0,YES,NONE,No Maharashtra outbreak records in this week
2022,19,week19.pdf,DOWNLOADED,https://ncdc.mohfw.gov.in/uploads/weekly_outbreaks/2022/week19.pdf,838491,10ca3290ebf7890dc8cff526cda1af05221e493a3e782e96cedaa72723bb5701,17,YES,YES,OUTBREAK_RECORDS_EXTRACTED,3,NO,NONE,3 Maharashtra outbreak records extracted
2022,20,week20.pdf,DOWNLOADED,https://ncdc.mohfw.gov.in/uploads/weekly_outbreaks/2022/week20.pdf,898672,96cbb6c96b3ac847c9ec31914f71b5f8f5d2058daba783f46d6daa7b443050ad,12,YES,YES,OUTBREAK_RECORDS_EXTRACTED,2,NO,NONE,2 Maharashtra outbreak records extracted
2022,21,week21.pdf,DOWNLOADED,https://ncdc.mohfw.gov.in/uploads/weekly_outbreaks/2022/week21.pdf,715460,f1dd97d9b869d012fac9c2193d5584cdcf5bb4b18d542d739c4763882a797c83,15,YES,YES,OUTBREAK_RECORDS_EXTRACTED,3,NO,NONE,3 Maharashtra outbreak records extracted
2022,22,week22.pdf,DOWNLOADED,https://ncdc.mohfw.gov.in/uploads/weekly_outbreaks/2022/week22.pdf,737679,27cbd9274c8cbf1d1871c4040442985c5a261b98a95f3a11fd2dd8ed6575b52b,16,YES,YES,OUTBREAK_RECORDS_EXTRACTED,5,NO,NONE,5 Maharashtra outbreak records extracted
2022,23,week23.pdf,DOWNLOADED,https://ncdc.mohfw.gov.in/uploads/weekly_outbreaks/2022/week23.pdf,732216,9af1dd9e6f9cb22ed0f9c2707ed95492e506bc6af2ce6a8b564e41fb54b71fa9,16,YES,YES,OUTBREAK_RECORDS_EXTRACTED,5,NO,NONE,5 Maharashtra outbreak records extracted
2022,24,week24.pdf,DOWNLOADED,https://ncdc.mohfw.gov.in/uploads/weekly_outbreaks/2022/week24.pdf,724653,3a3c6144470d40efb2da9c155cbcd27f8fada87f67c84bf45337e29dcd2819a7,10,YES,YES,OUTBREAK_RECORDS_EXTRACTED,3,NO,NONE,3 Maharashtra outbreak records extracted
2023,15,week15.pdf,CONFIRMED_ABSENT_NCDC,https://ncdc.mohfw.gov.in/uploads/weekly_outbreaks/2023/week15.pdf,,,,,,CONFIRMED_ABSENT_NCDC,,,,Not listed on official NCDC WeeklyOutbreaks.php as of 2026-10-02
2023,50,week50.pdf,CONFIRMED_ABSENT_NCDC,https://ncdc.mohfw.gov.in/uploads/weekly_outbreaks/2023/week50.pdf,,,,,,CONFIRMED_ABSENT_NCDC,,,,Not listed on official NCDC WeeklyOutbreaks.php as of 2026-10-02
2023,51,week51.pdf,CONFIRMED_ABSENT_NCDC,https://ncdc.mohfw.gov.in/uploads/weekly_outbreaks/2023/week51.pdf,,,,,,CONFIRMED_ABSENT_NCDC,,,,Not listed on official NCDC WeeklyOutbreaks.php as of 2026-10-02
2023,52,week52.pdf,CONFIRMED_ABSENT_NCDC,https://ncdc.mohfw.gov.in/uploads/weekly_outbreaks/2023/week52.pdf,,,,,,CONFIRMED_ABSENT_NCDC,,,,Not listed on official NCDC WeeklyOutbreaks.php as of 2026-10-02
2026,W01-W32,32 files (week1_... to week32_...),COMPLETE_IN_LOCAL_ARCHIVE,https://ncdc.mohfw.gov.in/includes/WeeklyOutbreaks.php,,,,,,ARCHIVE_CURRENT,,,,NCDC shows exactly 32 weeks for 2026 as of 2026-10-02. W32 is the latest available.