year,week,pdf_filename,calendar_status,records_reported,week_start_date,week_end_date,observation_period_status,nil_evidence
2022,1,week1.pdf,NIL,0,2022-01-03,2022-01-09,COMPLETE_YEAR,No Maharashtra (MH/) outbreak alert recorded in official table
2022,2,week2.pdf,OUTBREAK_REPORTED,1,2022-01-10,2022-01-16,COMPLETE_YEAR,N/A
2022,3,week3.pdf,NIL,0,2022-01-17,2022-01-23,COMPLETE_YEAR,No Maharashtra (MH/) outbreak alert recorded in official table
2022,4,week4.pdf,NIL,0,2022-01-24,2022-01-30,COMPLETE_YEAR,No Maharashtra (MH/) outbreak alert recorded in official table
2022,5,week5.pdf,NIL,0,2022-01-31,2022-02-06,COMPLETE_YEAR,No Maharashtra (MH/) outbreak alert recorded in official table
2022,6,week6.pdf,OUTBREAK_REPORTED,1,2022-02-07,2022-02-13,COMPLETE_YEAR,N/A
2022,7,week7.pdf,NIL,0,2022-02-14,2022-02-20,COMPLETE_YEAR,No Maharashtra (MH/) outbreak alert recorded in official table
2022,8,week8.pdf,NIL,0,2022-02-21,2022-02-27,COMPLETE_YEAR,No Maharashtra (MH/) outbreak alert recorded in official table
2022,9,week9.pdf,OUTBREAK_REPORTED,1,2022-02-28,2022-03-06,COMPLETE_YEAR,N/A
2022,10,week10.pdf,NIL,0,2022-03-07,2022-03-13,COMPLETE_YEAR,No Maharashtra (MH/) outbreak alert recorded in official table
2022,11,week11.pdf,OUTBREAK_REPORTED,2,2022-03-14,2022-03-20,COMPLETE_YEAR,N/A
2022,12,week12.pdf,OUTBREAK_REPORTED,1,2022-03-21,2022-03-27,COMPLETE_YEAR,N/A
2022,13,week13.pdf,OUTBREAK_REPORTED,1,2022-03-28,2022-04-03,COMPLETE_YEAR,N/A
2022,14,week14.pdf,NIL,0,2022-04-04,2022-04-10,COMPLETE_YEAR,No Maharashtra (MH/) outbreak alert recorded in official table
2022,15,week15.pdf,NIL,0,2022-04-11,2022-04-17,COMPLETE_YEAR,No Maharashtra (MH/) outbreak alert recorded in official table
2022,16,week16.pdf,OUTBREAK_REPORTED,1,2022-04-18,2022-04-24,COMPLETE_YEAR,N/A
2022,17,week17.pdf,NIL,0,2022-04-25,2022-05-01,COMPLETE_YEAR,No Maharashtra (MH/) outbreak alert recorded in official table
2022,18,week18.pdf,NIL,0,2022-05-02,2022-05-08,COMPLETE_YEAR,No Maharashtra (MH/) outbreak alert recorded in official table
2022,19,week19.pdf,OUTBREAK_REPORTED,3,2022-05-09,2022-05-15,COMPLETE_YEAR,N/A
2022,20,week20.pdf,OUTBREAK_REPORTED,2,2022-05-16,2022-05-22,COMPLETE_YEAR,N/A
2022,21,week21.pdf,OUTBREAK_REPORTED,3,2022-05-23,2022-05-29,COMPLETE_YEAR,N/A
2022,22,week22.pdf,OUTBREAK_REPORTED,5,2022-05-30,2022-06-05,COMPLETE_YEAR,N/A
2022,23,week23.pdf,OUTBREAK_REPORTED,5,2022-06-06,2022-06-12,COMPLETE_YEAR,N/A
2022,24,week24.pdf,OUTBREAK_REPORTED,3,2022-06-13,2022-06-19,COMPLETE_YEAR,N/A
2022,25,week25.pdf,OUTBREAK_REPORTED,2,2022-06-20,2022-06-26,COMPLETE_YEAR,N/A
2022,26,week26.pdf,OUTBREAK_REPORTED,2,2022-06-27,2022-07-03,COMPLETE_YEAR,N/A
2022,27,week27.pdf,OUTBREAK_REPORTED,1,2022-07-04,2022-07-10,COMPLETE_YEAR,N/A
2022,28,week28.pdf,OUTBREAK_REPORTED,2,2022-07-11,2022-07-17,COMPLETE_YEAR,N/A
2022,29,week29.pdf,NIL,0,2022-07-18,2022-07-24,COMPLETE_YEAR,No Maharashtra (MH/) outbreak alert recorded in official table
2022,30,week30.pdf,OUTBREAK_REPORTED,1,2022-07-25,2022-07-31,COMPLETE_YEAR,N/A
2022,31,week31.pdf,OUTBREAK_REPORTED,1,2022-08-01,2022-08-07,COMPLETE_YEAR,N/A
2022,32,week32.pdf,OUTBREAK_REPORTED,2,2022-08-08,2022-08-14,COMPLETE_YEAR,N/A
2022,33,week33.pdf,NIL,0,2022-08-15,2022-08-21,COMPLETE_YEAR,No Maharashtra (MH/) outbreak alert recorded in official table
2022,34,week34.pdf,OUTBREAK_REPORTED,2,2022-08-22,2022-08-28,COMPLETE_YEAR,N/A
2022,35,week35.pdf,OUTBREAK_REPORTED,2,2022-08-29,2022-09-04,COMPLETE_YEAR,N/A
2022,36,week36.pdf,OUTBREAK_REPORTED,1,2022-09-05,2022-09-11,COMPLETE_YEAR,N/A
2022,37,week37.pdf,NIL,0,2022-09-12,2022-09-18,COMPLETE_YEAR,No Maharashtra (MH/) outbreak alert recorded in official table
2022,38,week38.pdf,OUTBREAK_REPORTED,4,2022-09-19,2022-09-25,COMPLETE_YEAR,N/A
2022,39,week39.pdf,OUTBREAK_REPORTED,1,2022-09-26,2022-10-02,COMPLETE_YEAR,N/A
2022,40,week40.pdf,OUTBREAK_REPORTED,1,2022-10-03,2022-10-09,COMPLETE_YEAR,N/A
2022,41,week41.pdf,OUTBREAK_REPORTED,1,2022-10-10,2022-10-16,COMPLETE_YEAR,N/A
2022,42,week42.pdf,OUTBREAK_REPORTED,4,2022-10-17,2022-10-23,COMPLETE_YEAR,N/A
2022,43,week43.pdf,NIL,0,2022-10-24,2022-10-30,COMPLETE_YEAR,No Maharashtra (MH/) outbreak alert recorded in official table
2022,44,week44.pdf,OUTBREAK_REPORTED,2,2022-10-31,2022-11-06,COMPLETE_YEAR,N/A
2022,45,week45.pdf,OUTBREAK_REPORTED,1,2022-11-07,2022-11-13,COMPLETE_YEAR,N/A
2022,46,week46.pdf,OUTBREAK_REPORTED,9,2022-11-14,2022-11-20,COMPLETE_YEAR,N/A
2022,47,week47.pdf,OUTBREAK_REPORTED,2,2022-11-21,2022-11-27,COMPLETE_YEAR,N/A
2022,48,week48.pdf,NIL,0,2022-11-28,2022-12-04,COMPLETE_YEAR,No Maharashtra (MH/) outbreak alert recorded in official table
2022,49,week49.pdf,OUTBREAK_REPORTED,3,2022-12-05,2022-12-11,COMPLETE_YEAR,N/A
2022,50,week50.pdf,OUTBREAK_REPORTED,1,2022-12-12,2022-12-18,COMPLETE_YEAR,N/A
2022,51,week51.pdf,OUTBREAK_REPORTED,4,2022-12-19,2022-12-25,COMPLETE_YEAR,N/A
2022,52,week52.pdf,OUTBREAK_REPORTED,1,2022-12-26,2023-01-01,COMPLETE_YEAR,N/A
2023,1,week1.pdf,OUTBREAK_REPORTED,3,2023-01-02,2023-01-08,PARTIAL_YEAR,N/A
2023,2,week2.pdf,OUTBREAK_REPORTED,4,2023-01-09,2023-01-15,PARTIAL_YEAR,N/A
2023,3,week3.pdf,OUTBREAK_REPORTED,1,2023-01-16,2023-01-22,PARTIAL_YEAR,N/A
2023,4,week4.pdf,NIL,0,2023-01-23,2023-01-29,PARTIAL_YEAR,No Maharashtra (MH/) outbreak alert recorded in official table
2023,5,week5.pdf,OUTBREAK_REPORTED,3,2023-01-30,2023-02-05,PARTIAL_YEAR,N/A
2023,6,week6.pdf,NIL,0,2023-02-06,2023-02-12,PARTIAL_YEAR,No Maharashtra (MH/) outbreak alert recorded in official table
2023,7,week7.pdf,OUTBREAK_REPORTED,2,2023-02-13,2023-02-19,PARTIAL_YEAR,N/A
2023,8,week8.pdf,OUTBREAK_REPORTED,1,2023-02-20,2023-02-26,PARTIAL_YEAR,N/A
2023,9,week9.pdf,OUTBREAK_REPORTED,1,2023-02-27,2023-03-05,PARTIAL_YEAR,N/A
2023,10,week10.pdf,NIL,0,2023-03-06,2023-03-12,PARTIAL_YEAR,No Maharashtra (MH/) outbreak alert recorded in official table
2023,11,week11.pdf,NIL,0,2023-03-13,2023-03-19,PARTIAL_YEAR,No Maharashtra (MH/) outbreak alert recorded in official table
2023,12,week12.pdf,NIL,0,2023-03-20,2023-03-26,PARTIAL_YEAR,No Maharashtra (MH/) outbreak alert recorded in official table
2023,13,week13.pdf,OUTBREAK_REPORTED,3,2023-03-27,2023-04-02,PARTIAL_YEAR,N/A
2023,14,week14.pdf,NIL,0,2023-04-03,2023-04-09,PARTIAL_YEAR,No Maharashtra (MH/) outbreak alert recorded in official table
2023,16,week16.pdf,NIL,0,2023-04-17,2023-04-23,PARTIAL_YEAR,No Maharashtra (MH/) outbreak alert recorded in official table
2023,17,week17.pdf,OUTBREAK_REPORTED,1,2023-04-24,2023-04-30,PARTIAL_YEAR,N/A
2023,18,week18.pdf,NIL,0,2023-05-01,2023-05-07,PARTIAL_YEAR,No Maharashtra (MH/) outbreak alert recorded in official table
2023,19,week19.pdf,NIL,0,2023-05-08,2023-05-14,PARTIAL_YEAR,No Maharashtra (MH/) outbreak alert recorded in official table
2023,20,week20.pdf,OUTBREAK_REPORTED,1,2023-05-15,2023-05-21,PARTIAL_YEAR,N/A
2023,21,week21.pdf,NIL,0,2023-05-22,2023-05-28,PARTIAL_YEAR,No Maharashtra (MH/) outbreak alert recorded in official table
2023,22,week22.pdf,OUTBREAK_REPORTED,4,2023-05-29,2023-06-04,PARTIAL_YEAR,N/A
2023,23,week23.pdf,OUTBREAK_REPORTED,1,2023-06-05,2023-06-11,PARTIAL_YEAR,N/A
2023,24,week24.pdf,OUTBREAK_REPORTED,3,2023-06-12,2023-06-18,PARTIAL_YEAR,N/A
2023,25,week25.pdf,OUTBREAK_REPORTED,6,2023-06-19,2023-06-25,PARTIAL_YEAR,N/A
2023,26,week26.pdf,OUTBREAK_REPORTED,7,2023-06-26,2023-07-02,PARTIAL_YEAR,N/A
2023,27,week27.pdf,OUTBREAK_REPORTED,8,2023-07-03,2023-07-09,PARTIAL_YEAR,N/A
2023,28,week28.pdf,OUTBREAK_REPORTED,4,2023-07-10,2023-07-16,PARTIAL_YEAR,N/A
2023,29,week29.pdf,OUTBREAK_REPORTED,3,2023-07-17,2023-07-23,PARTIAL_YEAR,N/A
2023,30,week30.pdf,OUTBREAK_REPORTED,7,2023-07-24,2023-07-30,PARTIAL_YEAR,N/A
2023,31,week31.pdf,OUTBREAK_REPORTED,5,2023-07-31,2023-08-06,PARTIAL_YEAR,N/A
2023,32,week32.pdf,OUTBREAK_REPORTED,3,2023-08-07,2023-08-13,PARTIAL_YEAR,N/A
2023,33,week33.pdf,OUTBREAK_REPORTED,7,2023-08-14,2023-08-20,PARTIAL_YEAR,N/A
2023,34,week34.pdf,OUTBREAK_REPORTED,6,2023-08-21,2023-08-27,PARTIAL_YEAR,N/A
2023,35,week35.pdf,OUTBREAK_REPORTED,14,2023-08-28,2023-09-03,PARTIAL_YEAR,N/A
2023,36,week36.pdf,OUTBREAK_REPORTED,6,2023-09-04,2023-09-10,PARTIAL_YEAR,N/A
2023,37,week37.pdf,OUTBREAK_REPORTED,12,2023-09-11,2023-09-17,PARTIAL_YEAR,N/A
2023,38,week38.pdf,OUTBREAK_REPORTED,10,2023-09-18,2023-09-24,PARTIAL_YEAR,N/A
2023,39,week39.pdf,OUTBREAK_REPORTED,4,2023-09-25,2023-10-01,PARTIAL_YEAR,N/A
2023,40,week40.pdf,OUTBREAK_REPORTED,10,2023-10-02,2023-10-08,PARTIAL_YEAR,N/A
2023,41,week41.pdf,OUTBREAK_REPORTED,5,2023-10-09,2023-10-15,PARTIAL_YEAR,N/A
2023,42,week42.pdf,OUTBREAK_REPORTED,17,2023-10-16,2023-10-22,PARTIAL_YEAR,N/A
2023,43,week43.pdf,OUTBREAK_REPORTED,10,2023-10-23,2023-10-29,PARTIAL_YEAR,N/A
2023,44,week44.pdf,OUTBREAK_REPORTED,5,2023-10-30,2023-11-05,PARTIAL_YEAR,N/A
2023,45,week45.pdf,OUTBREAK_REPORTED,10,2023-11-06,2023-11-12,PARTIAL_YEAR,N/A
2023,46,week46.pdf,NIL,0,2023-11-13,2023-11-19,PARTIAL_YEAR,No Maharashtra (MH/) outbreak alert recorded in official table
2023,47,week47.pdf,OUTBREAK_REPORTED,4,2023-11-20,2023-11-26,PARTIAL_YEAR,N/A
2023,48,week48.pdf,OUTBREAK_REPORTED,1,2023-11-27,2023-12-03,PARTIAL_YEAR,N/A
2023,49,week49.pdf,OUTBREAK_REPORTED,5,2023-12-04,2023-12-10,PARTIAL_YEAR,N/A
2023,50,week50_1788952212.pdf,OUTBREAK_REPORTED,5,2023-12-11,2023-12-17,PARTIAL_YEAR,N/A
2024,1,week1_1788951246.pdf,OUTBREAK_REPORTED,7,2024-01-01,2024-01-07,COMPLETE_YEAR,N/A
2024,2,week2_1788951271.pdf,OUTBREAK_REPORTED,1,2024-01-08,2024-01-14,COMPLETE_YEAR,N/A
2024,3,week3_1788951287.pdf,OUTBREAK_REPORTED,3,2024-01-15,2024-01-21,COMPLETE_YEAR,N/A
2024,4,week4_1788951299.pdf,OUTBREAK_REPORTED,2,2024-01-22,2024-01-28,COMPLETE_YEAR,N/A
2024,5,week5_1788951308.pdf,OUTBREAK_REPORTED,2,2024-01-29,2024-02-04,COMPLETE_YEAR,N/A
2024,6,week6_1788951327.pdf,OUTBREAK_REPORTED,6,2024-02-05,2024-02-11,COMPLETE_YEAR,N/A
2024,7,week7_1788951339.pdf,OUTBREAK_REPORTED,3,2024-02-12,2024-02-18,COMPLETE_YEAR,N/A
2024,8,week8_1788951359.pdf,OUTBREAK_REPORTED,3,2024-02-19,2024-02-25,COMPLETE_YEAR,N/A
2024,9,week9_1788951370.pdf,OUTBREAK_REPORTED,3,2024-02-26,2024-03-03,COMPLETE_YEAR,N/A
2024,10,week10_1788951380.pdf,OUTBREAK_REPORTED,7,2024-03-04,2024-03-10,COMPLETE_YEAR,N/A
2024,11,week11_1788951396.pdf,OUTBREAK_REPORTED,11,2024-03-11,2024-03-17,COMPLETE_YEAR,N/A
2024,12,week12_1788951408.pdf,OUTBREAK_REPORTED,4,2024-03-18,2024-03-24,COMPLETE_YEAR,N/A
2024,13,week13_1788951420.pdf,OUTBREAK_REPORTED,2,2024-03-25,2024-03-31,COMPLETE_YEAR,N/A
2024,14,week14_1788951433.pdf,OUTBREAK_REPORTED,1,2024-04-01,2024-04-07,COMPLETE_YEAR,N/A
2024,15,week15_1788951443.pdf,OUTBREAK_REPORTED,9,2024-04-08,2024-04-14,COMPLETE_YEAR,N/A
2024,16,week16_1788951454.pdf,OUTBREAK_REPORTED,6,2024-04-15,2024-04-21,COMPLETE_YEAR,N/A
2024,17,week17_1788951485.pdf,OUTBREAK_REPORTED,7,2024-04-22,2024-04-28,COMPLETE_YEAR,N/A
2024,18,week18_1788951496.pdf,OUTBREAK_REPORTED,7,2024-04-29,2024-05-05,COMPLETE_YEAR,N/A
2024,19,week19_1788951508.pdf,OUTBREAK_REPORTED,2,2024-05-06,2024-05-12,COMPLETE_YEAR,N/A
2024,20,week20_1788951522.pdf,OUTBREAK_REPORTED,7,2024-05-13,2024-05-19,COMPLETE_YEAR,N/A
2024,21,week21_1788951532.pdf,OUTBREAK_REPORTED,6,2024-05-20,2024-05-26,COMPLETE_YEAR,N/A
2024,22,week22_1788951544.pdf,OUTBREAK_REPORTED,4,2024-05-27,2024-06-02,COMPLETE_YEAR,N/A
2024,23,week23_1788951559.pdf,OUTBREAK_REPORTED,4,2024-06-03,2024-06-09,COMPLETE_YEAR,N/A
2024,24,week24_1788951570.pdf,OUTBREAK_REPORTED,9,2024-06-10,2024-06-16,COMPLETE_YEAR,N/A
2024,25,week25_1788951582.pdf,OUTBREAK_REPORTED,4,2024-06-17,2024-06-23,COMPLETE_YEAR,N/A
2024,26,week26_1788951715.pdf,OUTBREAK_REPORTED,18,2024-06-24,2024-06-30,COMPLETE_YEAR,N/A
2024,27,week27_1788951732.pdf,OUTBREAK_REPORTED,5,2024-07-01,2024-07-07,COMPLETE_YEAR,N/A
2024,28,week28_1788951744.pdf,OUTBREAK_REPORTED,16,2024-07-08,2024-07-14,COMPLETE_YEAR,N/A
2024,29,week29_1788951764.pdf,OUTBREAK_REPORTED,11,2024-07-15,2024-07-21,COMPLETE_YEAR,N/A
2024,30,week30_1788951797.pdf,OUTBREAK_REPORTED,10,2024-07-22,2024-07-28,COMPLETE_YEAR,N/A
2024,31,week31_1788951810.pdf,OUTBREAK_REPORTED,13,2024-07-29,2024-08-04,COMPLETE_YEAR,N/A
2024,32,week32_1788951820.pdf,OUTBREAK_REPORTED,8,2024-08-05,2024-08-11,COMPLETE_YEAR,N/A
2024,33,week33_1788951845.pdf,OUTBREAK_REPORTED,4,2024-08-12,2024-08-18,COMPLETE_YEAR,N/A
2024,34,week34_1788951861.pdf,OUTBREAK_REPORTED,5,2024-08-19,2024-08-25,COMPLETE_YEAR,N/A
2024,35,week35_1788951873.pdf,OUTBREAK_REPORTED,4,2024-08-26,2024-09-01,COMPLETE_YEAR,N/A
2024,36,week36_1788951892.pdf,OUTBREAK_REPORTED,7,2024-09-02,2024-09-08,COMPLETE_YEAR,N/A
2024,37,week37_1788951903.pdf,OUTBREAK_REPORTED,5,2024-09-09,2024-09-15,COMPLETE_YEAR,N/A
2024,38,week38_1788951915.pdf,OUTBREAK_REPORTED,4,2024-09-16,2024-09-22,COMPLETE_YEAR,N/A
2024,39,week39_1788951925.pdf,OUTBREAK_REPORTED,7,2024-09-23,2024-09-29,COMPLETE_YEAR,N/A
2024,40,week40_1788951939.pdf,OUTBREAK_REPORTED,6,2024-09-30,2024-10-06,COMPLETE_YEAR,N/A
2024,41,week41_1788951950.pdf,OUTBREAK_REPORTED,3,2024-10-07,2024-10-13,COMPLETE_YEAR,N/A
2024,42,week42_1788951961.pdf,OUTBREAK_REPORTED,10,2024-10-14,2024-10-20,COMPLETE_YEAR,N/A
2024,43,week43_1788951974.pdf,OUTBREAK_REPORTED,3,2024-10-21,2024-10-27,COMPLETE_YEAR,N/A
2024,44,week44_1788951993.pdf,OUTBREAK_REPORTED,3,2024-10-28,2024-11-03,COMPLETE_YEAR,N/A
2024,45,week45_1788952004.pdf,OUTBREAK_REPORTED,2,2024-11-04,2024-11-10,COMPLETE_YEAR,N/A
2024,46,week46_1788952017.pdf,OUTBREAK_REPORTED,4,2024-11-11,2024-11-17,COMPLETE_YEAR,N/A
2024,47,week47_1788952028.pdf,OUTBREAK_REPORTED,1,2024-11-18,2024-11-24,COMPLETE_YEAR,N/A
2024,48,week48_1788952041.pdf,OUTBREAK_REPORTED,8,2024-11-25,2024-12-01,COMPLETE_YEAR,N/A
2024,49,week49_1788952055.pdf,OUTBREAK_REPORTED,1,2024-12-02,2024-12-08,COMPLETE_YEAR,N/A
2024,50,week50_1788952068.pdf,OUTBREAK_REPORTED,3,2024-12-09,2024-12-15,COMPLETE_YEAR,N/A
2024,51,week51_1788952079.pdf,OUTBREAK_REPORTED,3,2024-12-16,2024-12-22,COMPLETE_YEAR,N/A
2024,52,week52_1788952090.pdf,OUTBREAK_REPORTED,3,2024-12-23,2024-12-29,COMPLETE_YEAR,N/A
2025,1,week1_1788948201.pdf,OUTBREAK_REPORTED,3,2024-12-30,2025-01-05,COMPLETE_YEAR,N/A
2025,2,week2_1788950093.pdf,OUTBREAK_REPORTED,1,2025-01-06,2025-01-12,COMPLETE_YEAR,N/A
2025,3,week3_1788950195.pdf,OUTBREAK_REPORTED,2,2025-01-13,2025-01-19,COMPLETE_YEAR,N/A
2025,4,week4_1788950209.pdf,OUTBREAK_REPORTED,5,2025-01-20,2025-01-26,COMPLETE_YEAR,N/A
2025,5,week5_1788950221.pdf,OUTBREAK_REPORTED,2,2025-01-27,2025-02-02,COMPLETE_YEAR,N/A
2025,6,week6_1788950233.pdf,OUTBREAK_REPORTED,3,2025-02-03,2025-02-09,COMPLETE_YEAR,N/A
2025,7,week7_1789017204.pdf,OUTBREAK_REPORTED,9,2025-02-10,2025-02-16,COMPLETE_YEAR,N/A
2025,8,week8_1788950267.pdf,OUTBREAK_REPORTED,2,2025-02-17,2025-02-23,COMPLETE_YEAR,N/A
2025,9,week9_1788950284.pdf,OUTBREAK_REPORTED,5,2025-02-24,2025-03-02,COMPLETE_YEAR,N/A
2025,10,week10_1788950298.pdf,OUTBREAK_REPORTED,4,2025-03-03,2025-03-09,COMPLETE_YEAR,N/A
2025,11,week11_1788950540.pdf,OUTBREAK_REPORTED,3,2025-03-10,2025-03-16,COMPLETE_YEAR,N/A
2025,12,week12_1788950562.pdf,OUTBREAK_REPORTED,1,2025-03-17,2025-03-23,COMPLETE_YEAR,N/A
2025,13,week13_1788950576.pdf,NIL,0,2025-03-24,2025-03-30,COMPLETE_YEAR,No Maharashtra (MH/) outbreak alert recorded in official table
2025,14,week14_1788950590.pdf,NIL,0,2025-03-31,2025-04-06,COMPLETE_YEAR,No Maharashtra (MH/) outbreak alert recorded in official table
2025,15,week15_1788950605.pdf,OUTBREAK_REPORTED,3,2025-04-07,2025-04-13,COMPLETE_YEAR,N/A
2025,16,week16_1788950618.pdf,OUTBREAK_REPORTED,3,2025-04-14,2025-04-20,COMPLETE_YEAR,N/A
2025,17,week17_1788950632.pdf,OUTBREAK_REPORTED,1,2025-04-21,2025-04-27,COMPLETE_YEAR,N/A
2025,18,week18_1788950653.pdf,OUTBREAK_REPORTED,2,2025-04-28,2025-05-04,COMPLETE_YEAR,N/A
2025,19,week19_1788950700.pdf,OUTBREAK_REPORTED,2,2025-05-05,2025-05-11,COMPLETE_YEAR,N/A
2025,20,week20_1788950712.pdf,OUTBREAK_REPORTED,2,2025-05-12,2025-05-18,COMPLETE_YEAR,N/A
2025,21,week21_1788950729.pdf,OUTBREAK_REPORTED,2,2025-05-19,2025-05-25,COMPLETE_YEAR,N/A
2025,22,week22_1788950742.pdf,OUTBREAK_REPORTED,4,2025-05-26,2025-06-01,COMPLETE_YEAR,N/A
2025,23,week23_1788950756.pdf,OUTBREAK_REPORTED,3,2025-06-02,2025-06-08,COMPLETE_YEAR,N/A
2025,24,week24_1788950775.pdf,OUTBREAK_REPORTED,7,2025-06-09,2025-06-15,COMPLETE_YEAR,N/A
2025,25,week25_1788950790.pdf,OUTBREAK_REPORTED,1,2025-06-16,2025-06-22,COMPLETE_YEAR,N/A
2025,26,week26_1788950806.pdf,OUTBREAK_REPORTED,7,2025-06-23,2025-06-29,COMPLETE_YEAR,N/A
2025,27,week27_1788950821.pdf,OUTBREAK_REPORTED,4,2025-06-30,2025-07-06,COMPLETE_YEAR,N/A
2025,28,week28_1788950832.pdf,OUTBREAK_REPORTED,8,2025-07-07,2025-07-13,COMPLETE_YEAR,N/A
2025,29,week29_1788950846.pdf,OUTBREAK_REPORTED,3,2025-07-14,2025-07-20,COMPLETE_YEAR,N/A
2025,30,week30_1788950862.pdf,OUTBREAK_REPORTED,1,2025-07-21,2025-07-27,COMPLETE_YEAR,N/A
2025,31,week31_1788950885.pdf,OUTBREAK_REPORTED,2,2025-07-28,2025-08-03,COMPLETE_YEAR,N/A
2025,32,week32_1788950897.pdf,OUTBREAK_REPORTED,6,2025-08-04,2025-08-10,COMPLETE_YEAR,N/A
2025,33,week33_1788950912.pdf,OUTBREAK_REPORTED,6,2025-08-11,2025-08-17,COMPLETE_YEAR,N/A
2025,34,week34_1788950927.pdf,OUTBREAK_REPORTED,3,2025-08-18,2025-08-24,COMPLETE_YEAR,N/A
2025,35,week35_1788950942.pdf,OUTBREAK_REPORTED,4,2025-08-25,2025-08-31,COMPLETE_YEAR,N/A
2025,36,week36_1788950955.pdf,NIL,0,2025-09-01,2025-09-07,COMPLETE_YEAR,No Maharashtra (MH/) outbreak alert recorded in official table
2025,37,week37_1788950985.pdf,OUTBREAK_REPORTED,4,2025-09-08,2025-09-14,COMPLETE_YEAR,N/A
2025,38,week38_1788950998.pdf,OUTBREAK_REPORTED,5,2025-09-15,2025-09-21,COMPLETE_YEAR,N/A
2025,39,week39_1788951010.pdf,OUTBREAK_REPORTED,4,2025-09-22,2025-09-28,COMPLETE_YEAR,N/A
2025,40,week40_1788951022.pdf,OUTBREAK_REPORTED,4,2025-09-29,2025-10-05,COMPLETE_YEAR,N/A
2025,41,week41_1788951032.pdf,OUTBREAK_REPORTED,2,2025-10-06,2025-10-12,COMPLETE_YEAR,N/A
2025,42,week42_1788951043.pdf,OUTBREAK_REPORTED,5,2025-10-13,2025-10-19,COMPLETE_YEAR,N/A
2025,43,week43_1788951058.pdf,OUTBREAK_REPORTED,1,2025-10-20,2025-10-26,COMPLETE_YEAR,N/A
2025,44,week44_1788951072.pdf,OUTBREAK_REPORTED,6,2025-10-27,2025-11-02,COMPLETE_YEAR,N/A
2025,45,week45_1788951083.pdf,OUTBREAK_REPORTED,4,2025-11-03,2025-11-09,COMPLETE_YEAR,N/A
2025,46,week46_1788951104.pdf,OUTBREAK_REPORTED,1,2025-11-10,2025-11-16,COMPLETE_YEAR,N/A
2025,47,week47_1788951120.pdf,OUTBREAK_REPORTED,2,2025-11-17,2025-11-23,COMPLETE_YEAR,N/A
2025,48,week48_1788951132.pdf,OUTBREAK_REPORTED,4,2025-11-24,2025-11-30,COMPLETE_YEAR,N/A
2025,49,week49_1788951145.pdf,OUTBREAK_REPORTED,6,2025-12-01,2025-12-07,COMPLETE_YEAR,N/A
2025,50,week50_1788951159.pdf,OUTBREAK_REPORTED,2,2025-12-08,2025-12-14,COMPLETE_YEAR,N/A
2025,51,week51_1788951172.pdf,NIL,0,2025-12-15,2025-12-21,COMPLETE_YEAR,No Maharashtra (MH/) outbreak alert recorded in official table
2025,52,week52_1788951185.pdf,OUTBREAK_REPORTED,1,2025-12-22,2025-12-28,COMPLETE_YEAR,N/A
2026,1,week1_1788853592.pdf,OUTBREAK_REPORTED,2,2025-12-29,2026-01-04,PARTIAL_YEAR,N/A
2026,2,week2_1788856445.pdf,OUTBREAK_REPORTED,2,2026-01-05,2026-01-11,PARTIAL_YEAR,N/A
2026,3,week3_1788857181.pdf,OUTBREAK_REPORTED,2,2026-01-12,2026-01-18,PARTIAL_YEAR,N/A
2026,4,week4_1788856484.pdf,OUTBREAK_REPORTED,1,2026-01-19,2026-01-25,PARTIAL_YEAR,N/A
2026,5,week5_1788856507.pdf,OUTBREAK_REPORTED,2,2026-01-26,2026-02-01,PARTIAL_YEAR,N/A
2026,6,week6_1788856531.pdf,OUTBREAK_REPORTED,1,2026-02-02,2026-02-08,PARTIAL_YEAR,N/A
2026,7,week7_1788856546.pdf,OUTBREAK_REPORTED,3,2026-02-09,2026-02-15,PARTIAL_YEAR,N/A
2026,8,week8_1788856560.pdf,OUTBREAK_REPORTED,3,2026-02-16,2026-02-22,PARTIAL_YEAR,N/A
2026,9,week9_1788856576.pdf,OUTBREAK_REPORTED,1,2026-02-23,2026-03-01,PARTIAL_YEAR,N/A
2026,10,week10_1788856598.pdf,OUTBREAK_REPORTED,4,2026-03-02,2026-03-08,PARTIAL_YEAR,N/A
2026,11,week11_1788856616.pdf,NIL,0,2026-03-09,2026-03-15,PARTIAL_YEAR,No Maharashtra (MH/) outbreak alert recorded in official table
2026,12,week12_1788856634.pdf,OUTBREAK_REPORTED,4,2026-03-16,2026-03-22,PARTIAL_YEAR,N/A
2026,13,week13_1788856653.pdf,OUTBREAK_REPORTED,2,2026-03-23,2026-03-29,PARTIAL_YEAR,N/A
2026,14,week14_1788856669.pdf,OUTBREAK_REPORTED,2,2026-03-30,2026-04-05,PARTIAL_YEAR,N/A
2026,15,week15_1788856683.pdf,OUTBREAK_REPORTED,5,2026-04-06,2026-04-12,PARTIAL_YEAR,N/A
2026,16,week16_1788856701.pdf,OUTBREAK_REPORTED,2,2026-04-13,2026-04-19,PARTIAL_YEAR,N/A
2026,17,week17_1788856716.pdf,OUTBREAK_REPORTED,2,2026-04-20,2026-04-26,PARTIAL_YEAR,N/A
2026,18,week18_1788856733.pdf,NIL,0,2026-04-27,2026-05-03,PARTIAL_YEAR,No Maharashtra (MH/) outbreak alert recorded in official table
2026,19,week19_1788856754.pdf,NIL,0,2026-05-04,2026-05-10,PARTIAL_YEAR,No Maharashtra (MH/) outbreak alert recorded in official table
2026,20,week20_1788856772.pdf,OUTBREAK_REPORTED,2,2026-05-11,2026-05-17,PARTIAL_YEAR,N/A
2026,21,week21_1788856793.pdf,OUTBREAK_REPORTED,3,2026-05-18,2026-05-24,PARTIAL_YEAR,N/A
2026,22,week22_1788856809.pdf,OUTBREAK_REPORTED,3,2026-05-25,2026-05-31,PARTIAL_YEAR,N/A
2026,23,week23_1788856825.pdf,OUTBREAK_REPORTED,3,2026-06-01,2026-06-07,PARTIAL_YEAR,N/A
2026,24,week24_1788856872.pdf,OUTBREAK_REPORTED,1,2026-06-08,2026-06-14,PARTIAL_YEAR,N/A
2026,25,week25_1788856887.pdf,OUTBREAK_REPORTED,2,2026-06-15,2026-06-21,PARTIAL_YEAR,N/A
2026,26,week26_1788856902.pdf,OUTBREAK_REPORTED,7,2026-06-22,2026-06-28,PARTIAL_YEAR,N/A
2026,27,week27_1788856919.pdf,OUTBREAK_REPORTED,1,2026-06-29,2026-07-05,PARTIAL_YEAR,N/A
2026,28,week28_1788942657.pdf,OUTBREAK_REPORTED,4,2026-07-06,2026-07-12,PARTIAL_YEAR,N/A
2026,29,week29_1789533489.pdf,OUTBREAK_REPORTED,3,2026-07-13,2026-07-19,PARTIAL_YEAR,N/A
2026,30,week30_1789731731.pdf,OUTBREAK_REPORTED,3,2026-07-20,2026-07-26,PARTIAL_YEAR,N/A
2026,31,week31_1790077762.pdf,OUTBREAK_REPORTED,3,2026-07-27,2026-08-02,PARTIAL_YEAR,N/A
2026,32,week32_1790680151.pdf,OUTBREAK_REPORTED,3,2026-08-03,2026-08-09,PARTIAL_YEAR,N/A