disease_label,label_fragmentation_type,raw_variants_count,sample_raw_string,normalized_legacy,records_total,records_2022_2025,records_2026_ytd,complete_years_present,complete_years_list,all_years_present_count,epi_weeks_2022_2025,epi_weeks_all,calendar_months_2022_2025,calendar_months_all,districts_2022_2025,districts_all,cases_2022_2025,cases_all,deaths_2022_2025,deaths_all,cfr_2022_2025,cfr_all,records_2022,records_2023,records_2024,records_2025,records_2026,temporal_span_min_week,temporal_span_max_week,geographic_spread_category,audit_findings_notes
Dengue,Clean Canonical,9,Dengue,Dengue,207,201,6,4,2022;2023;2024;2025,5,44,45,12,12,31,31,3115,3221,90,90,2.89%,2.79%,20,101,63,17,6,1,50,State-wide High (>=20),Derived Family: Dengue.
Acute Diarrheal Disease,Clean Canonical,11,Acute Diarrheal Disease,Acute_Diarrheal_Disease,133,133,0,4,2022;2023;2024;2025,4,45,45,12,12,33,33,8135,8135,16,16,0.20%,0.20%,18,23,70,22,0,1,52,State-wide High (>=20),Derived Family: Acute Diarrheal Disease.
Malaria,Clean Canonical,4,Malaria,Malaria,60,59,1,4,2022;2023;2024;2025,5,31,31,12,12,14,14,2052,2117,43,43,2.10%,2.03%,10,18,22,9,1,1,50,State-wide Moderate (10-19),Derived Family: Malaria.
Food Poisoning,Clean Canonical,7,Food Poisoning,Food_Poisoning,56,56,0,4,2022;2023;2024;2025,4,28,28,11,11,25,25,5155,5155,3,3,0.06%,0.06%,6,8,26,16,0,1,52,State-wide High (>=20),Derived Family: Food Poisoning.
Chikungunya,Clean Canonical,6,Chikungunya,Chikungunya,44,43,1,4,2022;2023;2024;2025,5,27,28,12,12,15,15,701,710,0,0,0.00%,0.00%,7,7,22,7,1,1,52,State-wide Moderate (10-19),Derived Family: Chikungunya.
Cholera,Clean Canonical,3,Cholera,Cholera,27,27,0,3,2022;2024;2025,3,15,15,8,8,14,14,863,863,9,9,1.04%,1.04%,5,0,19,3,0,21,48,State-wide Moderate (10-19),Derived Family: Cholera.
Zika Virus,Clean Canonical,2,Suburban Zika Virus,Zika_Virus,27,27,0,2,2023;2024,2,14,14,5,5,5,5,84,84,0,0,0.00%,0.00%,0,5,22,0,0,23,50,Multi-District (5-9),Derived Family: Zika Virus.
Hepatitis A,Clean Canonical,3,Hepatitis A,Hepatitis,29,25,4,2,2024;2025,3,21,22,12,12,9,12,757,835,3,3,0.40%,0.36%,0,0,17,8,4,2,49,Multi-District (5-9),Derived Family: Hepatitis A.
Fever,Syndromic / Non-specific,4,Fever,Fever,25,23,2,3,2022;2023;2025,4,11,13,7,9,14,15,494,540,37,38,7.49%,7.04%,1,12,0,10,2,7,50,State-wide Moderate (10-19),Derived Family: Fever / PUO (Syndromic).
Acute Diarrhoeal Disease,Spelling Variant,5,Acute Diarrhoeal Disease,Acute_Diarrheal_Disease,37,19,18,2,2023;2025,3,10,20,6,12,13,17,848,1712,75,75,8.84%,4.38%,0,1,0,18,18,27,49,State-wide Moderate (10-19),Derived Family: Acute Diarrheal Disease. British spelling variant of Acute Diarrheal Disease.
Measles,Clean Canonical,5,Measles,Measles,29,16,13,3,2022;2023;2025,4,13,22,7,9,6,8,222,346,25,26,11.26%,7.51%,1,7,0,8,13,2,51,Multi-District (5-9),Derived Family: Measles.
Scrub Typhus,Clean Canonical,2,Scrub Typhus,Scrub_Typhus,13,13,0,4,2022;2023;2024;2025,4,11,11,7,7,7,7,120,120,10,10,8.33%,8.33%,1,5,4,3,0,1,45,Multi-District (5-9),Derived Family: Scrub Typhus.
Suspected Food Poisoning,Suspected Category,5,Suspected Food Poisoning,Food_Poisoning,31,12,19,1,2025,2,9,22,6,10,10,19,517,1599,25,25,4.84%,1.56%,0,0,0,12,19,18,49,State-wide Moderate (10-19),Derived Family: Food Poisoning. Suspected category showing administrative shift in 2025-2026.
Leptospirosis,Clean Canonical,1,Leptospirosis,Leptospirosis,10,10,0,4,2022;2023;2024;2025,4,9,9,7,7,7,7,95,95,7,7,7.37%,7.37%,1,4,4,1,0,2,51,Multi-District (5-9),Derived Family: Leptospirosis.
Dengue & Chikungunya,Combination Disease,1,Dengue & Chikungunya,Dengue_Chikungunya,6,6,0,4,2022;2023;2024;2025,4,6,6,6,6,4,4,81,81,1,1,1.23%,1.23%,1,1,3,1,0,1,42,Focal Multi-District (2-4),Derived Family: Dengue & Chikungunya Co-reporting.
Acute Gastroenteritis,Syndromic / Non-specific,4,Acute Gastroenterit is,Acute Gastroenterit is;Gastroenteritis;Acute Gastroenter itis;Acute Gastroenteriti s,8,5,3,2,2024;2025,3,5,8,5,7,3,4,104,267,0,0,0.00%,0.00%,0,0,2,3,3,6,47,Focal Multi-District (2-4),Derived Family: Acute Gastroenteritis.
Chickenpox,Clean Canonical,2,Chickenpox,Chickenpox,6,5,1,3,2022;2024;2025,4,5,6,4,5,5,6,79,102,0,0,0.00%,0.00%,1,0,1,3,1,4,32,Multi-District (5-9),Derived Family: Chickenpox.
Dengue and Chikungunya,Combination Disease,1,Dengue and Chikungunya,Dengue_Chikungunya,3,3,0,2,2022;2023,2,2,2,2,2,2,2,42,42,0,0,0.00%,0.00%,1,2,0,0,0,28,47,Focal Multi-District (2-4),Derived Family: Dengue & Chikungunya Co-reporting.
Suspected Dengue Fever,Suspected Category,1,Suspected Dengue Fever,Dengue,3,3,0,1,2023,1,1,1,1,1,2,2,29,29,3,3,10.34%,10.34%,0,3,0,0,0,33,33,Focal Multi-District (2-4),Derived Family: Dengue.
Malaria (P.vivax),Disease Subtype,1,Malaria (P.vivax),Malaria,3,3,0,1,2025,1,2,2,2,2,3,3,42,42,0,0,0.00%,0.00%,0,0,0,3,0,24,28,Focal Multi-District (2-4),Derived Family: Malaria.
Human Rabies,Clean Canonical,1,Human Rabies,Rabies,3,2,1,2,2024;2025,3,2,3,2,3,1,2,2,3,2,3,100.00%,100.00%,0,0,1,1,1,22,52,Single District (1),Derived Family: Human Rabies.
Measles & Rubella,Combination Disease,1,Measles & Rubella,Measles,2,2,0,2,2022;2023,2,2,2,2,2,1,1,38,38,0,0,0.00%,0.00%,1,1,0,0,0,2,24,Single District (1),Derived Family: Measles & Rubella Co-reporting.
Pyrexia of Unknown Origin,Syndromic / Non-specific,1,Pyrexia of Unknown Origin,Pyrexia of Unknown Origin,2,2,0,1,2022,1,1,1,1,1,2,2,44,44,0,0,0.00%,0.00%,2,0,0,0,0,46,46,Focal Multi-District (2-4),Derived Family: Fever / PUO (Syndromic).
Acute Encephalitic Syndrome,Syndromic / Non-specific,1,Acute Encephalitic Syndrome,Acute Encephalitic Syndrome,2,2,0,2,2023;2025,2,2,2,2,2,2,2,31,31,1,1,3.23%,3.23%,0,1,0,1,0,35,52,Focal Multi-District (2-4),Derived Family: Acute Encephalitis Syndrome (AES).
Hepatitis-A,Spelling Variant,1,Hepatitis-A,Hepatitis,2,2,0,2,2023;2024,2,2,2,2,2,1,1,25,25,0,0,0.00%,0.00%,0,1,1,0,0,1,43,Single District (1),Derived Family: Hepatitis A.
Mumps,Clean Canonical,1,Mumps,Mumps,2,2,0,2,2023;2024,2,2,2,2,2,2,2,12,12,0,0,0.00%,0.00%,0,1,1,0,0,4,49,Focal Multi-District (2-4),Derived Family: Mumps.
Chikungunya & Dengue,Combination Disease,2,Chikungunya & Dengue,Dengue,2,2,0,2,2024;2025,2,2,2,2,2,2,2,20,20,0,0,0.00%,0.00%,0,0,1,1,0,4,11,Focal Multi-District (2-4),Derived Family: Dengue & Chikungunya Co-reporting.
Japanese Encephalitis,Clean Canonical,1,Japanese Encephalitis,Japanese Encephalitis,2,2,0,2,2024;2025,2,2,2,2,2,2,2,4,4,1,1,25.00%,25.00%,0,0,1,1,0,24,50,Focal Multi-District (2-4),Derived Family: Japanese Encephalitis.
Typhoid,Clean Canonical,1,Typhoid,Typhoid,2,2,0,2,2024;2025,2,2,2,2,2,2,2,44,44,0,0,0.00%,0.00%,0,0,1,1,0,7,26,Focal Multi-District (2-4),Derived Family: Typhoid.
Dysentery,Syndromic / Non-specific,2,Dysentery,Dysentery;Dysentry,2,2,0,2,2024;2025,2,2,2,2,2,2,2,205,205,0,0,0.00%,0.00%,0,0,1,1,0,29,44,Focal Multi-District (2-4),Derived Family: Dysentery.
Acute Hepatitis A,Clean Canonical,1,Acute Hepatitis A,Hepatitis,2,2,0,2,2024;2025,2,2,2,2,2,2,2,30,30,0,0,0.00%,0.00%,0,0,1,1,0,8,48,Focal Multi-District (2-4),Derived Family: Hepatitis A.
Fever of unknown origin,Syndromic / Non-specific,2,Dharashiv Fever of unknown origin,Fever,2,2,0,1,2025,1,2,2,2,2,2,2,79,79,0,0,0.00%,0.00%,0,0,0,2,0,23,32,Focal Multi-District (2-4),Derived Family: Fever / PUO (Syndromic).
Malaria (P.vivax & P.falciparum),Disease Subtype,1,Malaria (P.vivax & P.falciparum),Malaria,2,2,0,1,2025,1,1,1,1,1,2,2,12,12,2,2,16.67%,16.67%,0,0,0,2,0,28,28,Focal Multi-District (2-4),Derived Family: Malaria.
Jaundice,Syndromic / Non-specific,1,Jaundice,Hepatitis,2,1,1,1,2025,2,1,2,1,2,1,2,12,40,0,0,0.00%,0.00%,0,0,0,1,1,9,9,Single District (1),Derived Family: Jaundice (Syndromic).
Fever with Rash,Syndromic / Non-specific,1,Fever with Rash,Fever,2,1,1,1,2025,2,1,2,1,2,1,2,13,19,0,0,0.00%,0.00%,0,0,0,1,1,11,11,Single District (1),Derived Family: Fever with Rash (Syndromic).
Malaria (PV),Disease Subtype,1,Kudal) Malaria (PV),Malaria,1,1,0,1,2022,1,1,1,1,1,1,1,5,5,0,0,0.00%,0.00%,1,0,0,0,0,19,19,Single District (1),Derived Family: Malaria.
Malaria and Dengue,Combination Disease,1,Malaria and Dengue,Dengue,1,1,0,1,2022,1,1,1,1,1,1,1,4,4,0,0,0.00%,0.00%,1,0,0,0,0,31,31,Single District (1),Derived Family: Dengue & Malaria Co-reporting.
Hand Foot Mouth Disease,Clean Canonical,1,Hand Foot Mouth Disease,Hand Foot Mouth Disease,1,1,0,1,2022,1,1,1,1,1,1,1,19,19,0,0,0.00%,0.00%,1,0,0,0,0,38,38,Single District (1),Derived Family: Hand Foot Mouth Disease.
Fever of Unknown Cause,Syndromic / Non-specific,1,Fever of Unknown Cause,Fever,1,1,0,1,2023,1,1,1,1,1,1,1,2,2,1,1,50.00%,50.00%,0,1,0,0,0,40,40,Single District (1),Derived Family: Fever / PUO (Syndromic).
Hepatitis A&E,Combination Disease,1,Hepatitis A&E,Hepatitis,1,1,0,1,2024,1,1,1,1,1,1,1,101,101,0,0,0.00%,0.00%,0,0,1,0,0,5,5,Single District (1),Derived Family: Hepatitis A & E Co-reporting.
Suspected Acute Hepatitis,Suspected Category,1,Suspected Acute Hepatitis,Hepatitis,1,1,0,1,2024,1,1,1,1,1,1,1,24,24,0,0,0.00%,0.00%,0,0,1,0,0,18,18,Single District (1),Derived Family: Hepatitis (Unspecified/Suspected).
Pertussis,Clean Canonical,1,Pertussis,Pertussis,1,1,0,1,2024,1,1,1,1,1,1,1,9,9,0,0,0.00%,0.00%,0,0,1,0,0,26,26,Single District (1),Derived Family: Pertussis.
Acute Diarrheal Diseases,Spelling Variant,1,Acute Diarrheal Diseases,Acute_Diarrheal_Disease,1,1,0,1,2024,1,1,1,1,1,1,1,67,67,2,2,2.99%,2.99%,0,0,1,0,0,37,37,Single District (1),Derived Family: Acute Diarrheal Disease.
Poisoning,Malformed Boundary Leakage,1,Chhatrapati Sambhajinaga r Food Poisoning,Food_Poisoning,1,1,0,1,2025,1,1,1,1,1,1,1,255,255,1,1,0.39%,0.39%,0,0,0,1,0,18,18,Single District (1),"Derived Family: Food Poisoning. Boundary regex overreach swallowed ""Food ""."
Malaria (P.falciparum ),Disease Subtype,1,Malaria (P.falciparum ),Malaria,1,1,0,1,2025,1,1,1,1,1,1,1,3,3,1,1,33.33%,33.33%,0,0,0,1,0,24,24,Single District (1),Derived Family: Malaria.
Malaria (P.falciparum & P.vivax),Disease Subtype,1,Malaria (P.falciparu m & P.vivax),Malaria,1,1,0,1,2025,1,1,1,1,1,1,1,4,4,1,1,25.00%,25.00%,0,0,0,1,0,26,26,Single District (1),Derived Family: Malaria.
Complicated Malaria (Plasmodium falciparum),Disease Subtype,1,Complicate d Malaria (Plasmodiu m falciparum),Malaria,1,1,0,1,2025,1,1,1,1,1,1,1,2,2,2,2,100.00%,100.00%,0,0,0,1,0,27,27,Single District (1),Derived Family: Malaria.
Mixed Malaria (Plasmodium falciparum & Plasmodium vivax),Disease Subtype,1,Mixed Malaria (Plasmodiu m falciparum & Plasmodiu m vivax),Malaria,1,1,0,1,2025,1,1,1,1,1,1,1,9,9,1,1,11.11%,11.11%,0,0,0,1,0,27,27,Single District (1),Derived Family: Malaria.
Dengue & Malaria (P.vivax),Combination Disease,1,Dharashiv Dengue & Malaria (P.vivax),Dengue,1,1,0,1,2025,1,1,1,1,1,1,1,64,64,1,1,1.56%,1.56%,0,0,0,1,0,28,28,Single District (1),Derived Family: Dengue & Malaria Co-reporting.
Malaria (P.falciparum),Disease Subtype,1,Malaria (P.falciparum),Malaria,1,1,0,1,2025,1,1,1,1,1,1,1,4,4,1,1,25.00%,25.00%,0,0,0,1,0,28,28,Single District (1),Derived Family: Malaria.
Acute Encephalitis Syndrome,Syndromic / Non-specific,1,Acute Encephalitis Syndrome,AES,1,1,0,1,2025,1,1,1,1,1,1,1,36,36,25,25,69.44%,69.44%,0,0,0,1,0,38,38,Single District (1),Derived Family: Acute Encephalitis Syndrome (AES).
a Chhatrapati Sambhajinaga r Measles,Malformed Boundary Leakage,1,a Chhatrapati Sambhajinaga r Measles,Measles,1,0,1,0,,1,0,1,0,1,0,1,0,15,0,0,0.00%,0.00%,0,0,0,0,1,9,9,2026 Only (1 dists),"Derived Family: Measles. Boundary prefix unstripped due to leading ""a ""."
Suspected Typhoid,Suspected Category,1,Suspected Typhoid,Typhoid,1,0,1,0,,1,0,1,0,1,0,1,0,111,0,0,0.00%,0.00%,0,0,0,0,1,23,23,2026 Only (1 dists),Derived Family: Typhoid.
Hepatitis A & E,Combination Disease,1,Hepatitis A & E,Hepatitis,1,0,1,0,,1,0,1,0,1,0,1,0,23,0,0,0.00%,0.00%,0,0,0,0,1,24,24,2026 Only (1 dists),Derived Family: Hepatitis A & E Co-reporting.
Hepatitis E,Clean Canonical,1,Hepatitis E,Hepatitis,1,0,1,0,,1,0,1,0,1,0,1,0,38,0,0,0.00%,0.00%,0,0,0,0,1,28,28,2026 Only (1 dists),Derived Family: Hepatitis E.
Acute Gastroenteri tis,Spelling Variant,1,Acute Gastroenteri tis,Acute Gastroenteri tis,1,0,1,0,,1,0,1,0,1,0,1,0,30,0,0,0.00%,0.00%,0,0,0,0,1,29,29,2026 Only (1 dists),Derived Family: Acute Gastroenteritis.