derived_disease_family,clinical_subclassification,disease_clean,disease_raw,disease_normalized_legacy,fragmentation_type,mapping_rule_type,record_count,sample_record_id,sample_year_week,requires_manual_review,mapping_justification,preservation_rationale
Acute Diarrheal Disease,Canonical (American Spelling),Acute Diarrheal Disease,Acute Diarrheal Disease,Acute_Diarrheal_Disease,Clean Canonical,ORTHOGRAPHIC_HARMONIZATION,120,MAHA-2022-W22-003,2022-W22,NO,Orthographic/spelling variation of the standard IDSP ADD case definition,"Exact same clinical and epidemiological case definition; distinct from Cholera, Dysentery, and AGE"
Acute Diarrheal Disease,Spelling Variant (British: Diarrhoeal),Acute Diarrhoeal Disease,Acute Diarrhoeal Disease,Acute_Diarrheal_Disease,Spelling Variant,ORTHOGRAPHIC_HARMONIZATION,33,MAHA-2023-W27-005,2023-W27,NO,Orthographic/spelling variation of the standard IDSP ADD case definition,"Exact same clinical and epidemiological case definition; distinct from Cholera, Dysentery, and AGE"
Acute Diarrheal Disease,Canonical (American Spelling),Acute Diarrheal Disease,Madhya Pradesh Damoh Acute Diarrheal Disease,Acute_Diarrheal_Disease,Clean Canonical,ORTHOGRAPHIC_HARMONIZATION,3,MAHA-2024-W33-001,2024-W33,NO,Orthographic/spelling variation of the standard IDSP ADD case definition,"Exact same clinical and epidemiological case definition; distinct from Cholera, Dysentery, and AGE"
Acute Diarrheal Disease,Canonical (American Spelling),Acute Diarrheal Disease,Yavatmal Acute Diarrheal Disease,Acute_Diarrheal_Disease,Clean Canonical,ORTHOGRAPHIC_HARMONIZATION,2,MAHA-2022-W36-001,2022-W36,NO,Orthographic/spelling variation of the standard IDSP ADD case definition,"Exact same clinical and epidemiological case definition; distinct from Cholera, Dysentery, and AGE"
Acute Diarrheal Disease,Canonical (American Spelling),Acute Diarrheal Disease,Jalgaon Acute Diarrheal Disease,Acute_Diarrheal_Disease,Clean Canonical,ORTHOGRAPHIC_HARMONIZATION,1,MAHA-2023-W26-002,2023-W26,NO,Orthographic/spelling variation of the standard IDSP ADD case definition,"Exact same clinical and epidemiological case definition; distinct from Cholera, Dysentery, and AGE"
Acute Diarrheal Disease,Canonical (American Spelling),Acute Diarrheal Disease,Bihar Sitamarhi Acute Diarrheal Disease,Acute_Diarrheal_Disease,Clean Canonical,ORTHOGRAPHIC_HARMONIZATION,1,MAHA-2023-W37-001,2023-W37,NO,Orthographic/spelling variation of the standard IDSP ADD case definition,"Exact same clinical and epidemiological case definition; distinct from Cholera, Dysentery, and AGE"
Acute Diarrheal Disease,Canonical (American Spelling),Acute Diarrheal Disease,Satara Acute Diarrheal Disease,Acute_Diarrheal_Disease,Clean Canonical,ORTHOGRAPHIC_HARMONIZATION,1,MAHA-2024-W24-009,2024-W24,NO,Orthographic/spelling variation of the standard IDSP ADD case definition,"Exact same clinical and epidemiological case definition; distinct from Cholera, Dysentery, and AGE"
Acute Diarrheal Disease,Plural Variant (Diseases),Acute Diarrheal Diseases,Acute Diarrheal Diseases,Acute_Diarrheal_Disease,Spelling Variant,ORTHOGRAPHIC_HARMONIZATION,1,MAHA-2024-W37-001,2024-W37,NO,Orthographic/spelling variation of the standard IDSP ADD case definition,"Exact same clinical and epidemiological case definition; distinct from Cholera, Dysentery, and AGE"
Acute Diarrheal Disease,Canonical (American Spelling),Acute Diarrheal Disease,Raigad Acute Diarrheal Disease,Acute_Diarrheal_Disease,Clean Canonical,ORTHOGRAPHIC_HARMONIZATION,1,MAHA-2025-W01-002,2025-W01,NO,Orthographic/spelling variation of the standard IDSP ADD case definition,"Exact same clinical and epidemiological case definition; distinct from Cholera, Dysentery, and AGE"
Acute Diarrheal Disease,Canonical (American Spelling),Acute Diarrheal Disease,Palaghar Acute Diarrheal Disease,Acute_Diarrheal_Disease,Clean Canonical,ORTHOGRAPHIC_HARMONIZATION,1,MAHA-2025-W09-003,2025-W09,NO,Orthographic/spelling variation of the standard IDSP ADD case definition,"Exact same clinical and epidemiological case definition; distinct from Cholera, Dysentery, and AGE"
Acute Diarrheal Disease,Canonical (American Spelling),Acute Diarrheal Disease,Suburban Acute Diarrheal Disease,Acute_Diarrheal_Disease,Clean Canonical,ORTHOGRAPHIC_HARMONIZATION,1,MAHA-2025-W16-002,2025-W16,NO,Orthographic/spelling variation of the standard IDSP ADD case definition,"Exact same clinical and epidemiological case definition; distinct from Cholera, Dysentery, and AGE"
Acute Diarrheal Disease,Canonical (American Spelling),Acute Diarrheal Disease,Meghala ya South West Garo Hills Acute Diarrheal Disease,Acute_Diarrheal_Disease,Clean Canonical,ORTHOGRAPHIC_HARMONIZATION,1,MAHA-2025-W20-002,2025-W20,NO,Orthographic/spelling variation of the standard IDSP ADD case definition,"Exact same clinical and epidemiological case definition; distinct from Cholera, Dysentery, and AGE"
Acute Diarrheal Disease,Canonical (American Spelling),Acute Diarrheal Disease,a Chandrapu r Acute Diarrheal Disease,Acute_Diarrheal_Disease,Clean Canonical,ORTHOGRAPHIC_HARMONIZATION,1,MAHA-2025-W25-001,2025-W25,NO,Orthographic/spelling variation of the standard IDSP ADD case definition,"Exact same clinical and epidemiological case definition; distinct from Cholera, Dysentery, and AGE"
Acute Diarrheal Disease,Spelling Variant (British: Diarrhoeal),Acute Diarrhoeal Disease,a Sindhudur g Acute Diarrhoeal Disease,Acute_Diarrheal_Disease,Spelling Variant,ORTHOGRAPHIC_HARMONIZATION,1,MAHA-2025-W44-005,2025-W44,NO,Orthographic/spelling variation of the standard IDSP ADD case definition,"Exact same clinical and epidemiological case definition; distinct from Cholera, Dysentery, and AGE"
Acute Diarrheal Disease,Spelling Variant (British: Diarrhoeal),Acute Diarrhoeal Disease,Acute Diarrhoeal Disease 113 0 05/12/,Acute_Diarrheal_Disease,Spelling Variant,ORTHOGRAPHIC_HARMONIZATION,1,MAHA-2025-W49-001,2025-W49,NO,Orthographic/spelling variation of the standard IDSP ADD case definition,"Exact same clinical and epidemiological case definition; distinct from Cholera, Dysentery, and AGE"
Acute Diarrheal Disease,Spelling Variant (British: Diarrhoeal),Acute Diarrhoeal Disease,Acute Diarrhoeal Disease 98 0 04/12/,Acute_Diarrheal_Disease,Spelling Variant,ORTHOGRAPHIC_HARMONIZATION,1,MAHA-2025-W49-003,2025-W49,NO,Orthographic/spelling variation of the standard IDSP ADD case definition,"Exact same clinical and epidemiological case definition; distinct from Cholera, Dysentery, and AGE"
Acute Diarrheal Disease,Spelling Variant (British: Diarrhoeal),Acute Diarrhoeal Disease,Acute Diarrhoeal Disease 19 0 02/12/,Acute_Diarrheal_Disease,Spelling Variant,ORTHOGRAPHIC_HARMONIZATION,1,MAHA-2025-W49-004,2025-W49,NO,Orthographic/spelling variation of the standard IDSP ADD case definition,"Exact same clinical and epidemiological case definition; distinct from Cholera, Dysentery, and AGE"
Acute Encephalitis Syndrome (AES),Acute Encephalitis Syndrome,Acute Encephalitic Syndrome,Acute Encephalitic Syndrome,Acute Encephalitic Syndrome,Syndromic / Non-specific,SYNDROMIC_CLASSIFICATION,2,MAHA-2023-W35-004,2023-W35,NO,Clinical syndromic central nervous system infection definition,Broad syndromic category; distinct from confirmed Japanese Encephalitis
Acute Encephalitis Syndrome (AES),Acute Encephalitis Syndrome,Acute Encephalitis Syndrome,Acute Encephalitis Syndrome,AES,Syndromic / Non-specific,SYNDROMIC_CLASSIFICATION,1,MAHA-2025-W38-002,2025-W38,NO,Clinical syndromic central nervous system infection definition,Broad syndromic category; distinct from confirmed Japanese Encephalitis
Acute Gastroenteritis,Acute Gastroenteritis (AGE),Acute Gastroenteritis,Acute Gastroenterit is,Acute Gastroenterit is,Syndromic / Non-specific,SYNDROMIC_CLASSIFICATION,3,MAHA-2024-W32-002,2024-W32,NO,Syndromic clinical presentation without specified microbial pathogen,Reported as distinct clinical syndrome; kept distinct from ADD and Food Poisoning
Acute Gastroenteritis,Acute Gastroenteritis (AGE),Acute Gastroenteritis,Acute Gastroenteritis,Gastroenteritis,Syndromic / Non-specific,SYNDROMIC_CLASSIFICATION,2,MAHA-2024-W42-007,2024-W42,NO,Syndromic clinical presentation without specified microbial pathogen,Reported as distinct clinical syndrome; kept distinct from ADD and Food Poisoning
Acute Gastroenteritis,Acute Gastroenteritis (AGE),Acute Gastroenteritis,Acute Gastroenter itis,Acute Gastroenter itis,Syndromic / Non-specific,SYNDROMIC_CLASSIFICATION,2,MAHA-2025-W38-001,2025-W38,NO,Syndromic clinical presentation without specified microbial pathogen,Reported as distinct clinical syndrome; kept distinct from ADD and Food Poisoning
Acute Gastroenteritis,Acute Gastroenteritis (AGE),Acute Gastroenteritis,Acute Gastroenteriti s,Acute Gastroenteriti s,Syndromic / Non-specific,SYNDROMIC_CLASSIFICATION,1,MAHA-2026-W28-001,2026-W28,NO,Syndromic clinical presentation without specified microbial pathogen,Reported as distinct clinical syndrome; kept distinct from ADD and Food Poisoning
Acute Gastroenteritis,Acute Gastroenteritis (AGE),Acute Gastroenteri tis,Acute Gastroenteri tis,Acute Gastroenteri tis,Spelling Variant,SYNDROMIC_CLASSIFICATION,1,MAHA-2026-W29-002,2026-W29,NO,Syndromic clinical presentation without specified microbial pathogen,Reported as distinct clinical syndrome; kept distinct from ADD and Food Poisoning
Chickenpox,Varicella Zoster Outbreak,Chickenpox,Chickenpox,Chickenpox,Clean Canonical,VERBATIM_CANONICAL,5,MAHA-2022-W11-001,2022-W11,NO,Varicella virus exanthem,Distinct herpesvirus exanthem
Chickenpox,Varicella Zoster Outbreak,Chickenpox,Assam Dima Hasao Chickenpox,Chickenpox,Clean Canonical,VERBATIM_CANONICAL,1,MAHA-2025-W07-001,2025-W07,NO,Varicella virus exanthem,Distinct herpesvirus exanthem
Chikungunya,Confirmed Chikungunya Fever,Chikungunya,Chikungunya,Chikungunya,Clean Canonical,VERBATIM_CANONICAL,30,MAHA-2022-W11-002,2022-W11,NO,Canonical laboratory/clinical Chikungunya outbreak record,Separate vector-borne arboviral disease; not combined with Dengue
Chikungunya,Confirmed Chikungunya Fever,Chikungunya,Satara Chikungunya,Chikungunya,Clean Canonical,VERBATIM_CANONICAL,6,MAHA-2022-W22-005,2022-W22,NO,Canonical laboratory/clinical Chikungunya outbreak record,Separate vector-borne arboviral disease; not combined with Dengue
Chikungunya,Confirmed Chikungunya Fever,Chikungunya,Parbhani Chikungunya,Chikungunya,Clean Canonical,VERBATIM_CANONICAL,5,MAHA-2022-W46-008,2022-W46,NO,Canonical laboratory/clinical Chikungunya outbreak record,Separate vector-borne arboviral disease; not combined with Dengue
Chikungunya,Confirmed Chikungunya Fever,Chikungunya,Jalgaon Chikungunya,Chikungunya,Clean Canonical,VERBATIM_CANONICAL,1,MAHA-2022-W23-005,2022-W23,NO,Canonical laboratory/clinical Chikungunya outbreak record,Separate vector-borne arboviral disease; not combined with Dengue
Chikungunya,Confirmed Chikungunya Fever,Chikungunya,Raigad Chikungunya,Chikungunya,Clean Canonical,VERBATIM_CANONICAL,1,MAHA-2024-W40-004,2024-W40,NO,Canonical laboratory/clinical Chikungunya outbreak record,Separate vector-borne arboviral disease; not combined with Dengue
Chikungunya,Confirmed Chikungunya Fever,Chikungunya,Dharashiv Chikungunya,Chikungunya,Clean Canonical,VERBATIM_CANONICAL,1,MAHA-2025-W15-002,2025-W15,NO,Canonical laboratory/clinical Chikungunya outbreak record,Separate vector-borne arboviral disease; not combined with Dengue
Cholera,Confirmed Vibrio cholerae Outbreak,Cholera,Cholera,Cholera,Clean Canonical,VERBATIM_CANONICAL,25,MAHA-2022-W30-001,2022-W30,NO,Etiologically distinct severe bacterial enteric outbreak (culture/hanging drop confirmed),"Must not be merged into Acute Diarrheal Disease due to distinct etiology, severe virulence, and legal notification status"
Cholera,Confirmed Vibrio cholerae Outbreak,Cholera,Jalgaon Cholera,Cholera,Clean Canonical,VERBATIM_CANONICAL,1,MAHA-2024-W21-002,2024-W21,NO,Etiologically distinct severe bacterial enteric outbreak (culture/hanging drop confirmed),"Must not be merged into Acute Diarrheal Disease due to distinct etiology, severe virulence, and legal notification status"
Cholera,Confirmed Vibrio cholerae Outbreak,Cholera,Yavatmal Cholera,Cholera,Clean Canonical,VERBATIM_CANONICAL,1,MAHA-2024-W30-010,2024-W30,NO,Etiologically distinct severe bacterial enteric outbreak (culture/hanging drop confirmed),"Must not be merged into Acute Diarrheal Disease due to distinct etiology, severe virulence, and legal notification status"
Dengue,Confirmed Dengue Fever / DHF,Dengue,Dengue,Dengue,Clean Canonical,VERBATIM_CANONICAL,191,MAHA-2022-W12-001,2022-W12,NO,Canonical laboratory/clinical Dengue outbreak record,Standard vector-borne surveillance definition
Dengue,Confirmed Dengue Fever / DHF,Dengue,Satara Dengue,Dengue,Clean Canonical,VERBATIM_CANONICAL,7,MAHA-2023-W26-006,2023-W26,NO,Canonical laboratory/clinical Dengue outbreak record,Standard vector-borne surveillance definition
Dengue,Suspected Dengue Fever,Suspected Dengue Fever,Suspected Dengue Fever,Dengue,Suspected Category,SUSPECTED_CATEGORY_LINK,3,MAHA-2023-W33-001,2023-W33,NO,Clinically suspected dengue outbreak pending confirmatory serology,Mapped to Dengue family as suspected subclass; preserved distinct in granular audit
Dengue,Confirmed Dengue Fever / DHF,Dengue,Jalgaon Dengue,Dengue,Clean Canonical,VERBATIM_CANONICAL,2,MAHA-2022-W19-001,2022-W19,NO,Canonical laboratory/clinical Dengue outbreak record,Standard vector-borne surveillance definition
Dengue,Confirmed Dengue Fever / DHF,Dengue,a Dharashiv Dengue,Dengue,Clean Canonical,VERBATIM_CANONICAL,2,MAHA-2025-W35-002,2025-W35,NO,Canonical laboratory/clinical Dengue outbreak record,Standard vector-borne surveillance definition
Dengue,Confirmed Dengue Fever / DHF,Dengue,Kudal) Dengue,Dengue,Clean Canonical,VERBATIM_CANONICAL,1,MAHA-2022-W26-002,2022-W26,NO,Canonical laboratory/clinical Dengue outbreak record,Standard vector-borne surveillance definition
Dengue,Confirmed Dengue Fever / DHF,Dengue,Palaghar Dengue,Dengue,Clean Canonical,VERBATIM_CANONICAL,1,MAHA-2023-W28-002,2023-W28,NO,Canonical laboratory/clinical Dengue outbreak record,Standard vector-borne surveillance definition
Dengue,Confirmed Dengue Fever / DHF,Dengue,Raigad Dengue,Dengue,Clean Canonical,VERBATIM_CANONICAL,1,MAHA-2024-W28-009,2024-W28,NO,Canonical laboratory/clinical Dengue outbreak record,Standard vector-borne surveillance definition
Dengue,Confirmed Dengue Fever / DHF,Dengue,Washim Dengue,Dengue,Clean Canonical,VERBATIM_CANONICAL,1,MAHA-2024-W28-012,2024-W28,NO,Canonical laboratory/clinical Dengue outbreak record,Standard vector-borne surveillance definition
Dengue,Confirmed Dengue Fever / DHF,Dengue,Chhatrapati Sambhajinag ar Dengue,Dengue,Clean Canonical,VERBATIM_CANONICAL,1,MAHA-2025-W40-004,2025-W40,NO,Canonical laboratory/clinical Dengue outbreak record,Standard vector-borne surveillance definition
Dengue & Chikungunya Co-reporting,Dual Arboviral Outbreak,Dengue & Chikungunya,Dengue & Chikungunya,Dengue_Chikungunya,Combination Disease,COMBINATION_PRESERVATION,6,MAHA-2022-W35-002,2022-W35,NO,Preserved as distinct multi-pathogen combination; dual reporting of Dengue and Chikungunya in single outbreak event,Must not be merged into Dengue or Chikungunya to prevent double counting and exposure misattribution
Dengue & Chikungunya Co-reporting,Dual Arboviral Outbreak,Dengue and Chikungunya,Dengue and Chikungunya,Dengue_Chikungunya,Combination Disease,COMBINATION_PRESERVATION,3,MAHA-2022-W28-002,2022-W28,NO,Preserved as distinct multi-pathogen combination; dual reporting of Dengue and Chikungunya in single outbreak event,Must not be merged into Dengue or Chikungunya to prevent double counting and exposure misattribution
Dengue & Chikungunya Co-reporting,Dual Arboviral Outbreak,Chikungunya & Dengue,Chikungunya & Dengue,Dengue,Combination Disease,COMBINATION_PRESERVATION,1,MAHA-2024-W11-011,2024-W11,NO,Preserved as distinct multi-pathogen combination; dual reporting of Dengue and Chikungunya in single outbreak event,Must not be merged into Dengue or Chikungunya to prevent double counting and exposure misattribution
Dengue & Chikungunya Co-reporting,Dual Arboviral Outbreak,Chikungunya & Dengue,Chikunguny a & Dengue,Dengue,Combination Disease,COMBINATION_PRESERVATION,1,MAHA-2025-W04-003,2025-W04,NO,Preserved as distinct multi-pathogen combination; dual reporting of Dengue and Chikungunya in single outbreak event,Must not be merged into Dengue or Chikungunya to prevent double counting and exposure misattribution
Dengue & Malaria Co-reporting,Dual Vector-borne Outbreak,Malaria and Dengue,Malaria and Dengue,Dengue,Combination Disease,COMBINATION_PRESERVATION,1,MAHA-2022-W31-001,2022-W31,NO,Preserved as distinct multi-pathogen combination; concurrent protozoan and viral vector-borne outbreak,Etiologically distinct pathogens (protozoa vs virus) with different vectors and clinical courses; merging prohibited
Dengue & Malaria Co-reporting,Dual Vector-borne Outbreak,Dengue & Malaria (P.vivax),Dharashiv Dengue & Malaria (P.vivax),Dengue,Combination Disease,COMBINATION_PRESERVATION,1,MAHA-2025-W28-002,2025-W28,NO,Preserved as distinct multi-pathogen combination; concurrent protozoan and viral vector-borne outbreak,Etiologically distinct pathogens (protozoa vs virus) with different vectors and clinical courses; merging prohibited
Dysentery,Bacillary / Amoebic Dysentery,Dysentery,Dysentery,Dysentery,Syndromic / Non-specific,SYNDROMIC_CLASSIFICATION,1,MAHA-2024-W29-007,2024-W29,NO,Bloody diarrhea clinical syndrome,Distinct clinical syndrome (dysenteric stool); not merged with watery ADD
Dysentery,Bacillary / Amoebic Dysentery,Dysentery,Dysentry,Dysentry,Syndromic / Non-specific,SYNDROMIC_CLASSIFICATION,1,MAHA-2025-W44-006,2025-W44,NO,Bloody diarrhea clinical syndrome,Distinct clinical syndrome (dysenteric stool); not merged with watery ADD
Fever / PUO (Syndromic),Undifferentiated Fever / PUO,Fever,Fever,Fever,Syndromic / Non-specific,SYNDROMIC_CLASSIFICATION,21,MAHA-2022-W49-003,2022-W49,NO,Non-specific syndromic fever label lacking microbiological etiology,Syndromic catch-all category; must not be merged into specific vector-borne infections
Fever / PUO (Syndromic),Undifferentiated Fever / PUO,Pyrexia of Unknown Origin,Pyrexia of Unknown Origin,Pyrexia of Unknown Origin,Syndromic / Non-specific,SYNDROMIC_CLASSIFICATION,2,MAHA-2022-W46-001,2022-W46,NO,Non-specific syndromic fever label lacking microbiological etiology,Syndromic catch-all category; must not be merged into specific vector-borne infections
Fever / PUO (Syndromic),Undifferentiated Fever / PUO,Fever,Washim Fever,Fever,Syndromic / Non-specific,SYNDROMIC_CLASSIFICATION,2,MAHA-2023-W35-013,2023-W35,NO,Non-specific syndromic fever label lacking microbiological etiology,Syndromic catch-all category; must not be merged into specific vector-borne infections
Fever / PUO (Syndromic),Undifferentiated Fever / PUO,Fever,Wardha Fever,Fever,Syndromic / Non-specific,SYNDROMIC_CLASSIFICATION,1,MAHA-2023-W35-012,2023-W35,NO,Non-specific syndromic fever label lacking microbiological etiology,Syndromic catch-all category; must not be merged into specific vector-borne infections
Fever / PUO (Syndromic),Undifferentiated Fever / PUO,Fever of Unknown Cause,Fever of Unknown Cause,Fever,Syndromic / Non-specific,SYNDROMIC_CLASSIFICATION,1,MAHA-2023-W40-010,2023-W40,NO,Non-specific syndromic fever label lacking microbiological etiology,Syndromic catch-all category; must not be merged into specific vector-borne infections
Fever / PUO (Syndromic),Undifferentiated Fever / PUO,Fever of unknown origin,Dharashiv Fever of unknown origin,Fever,Syndromic / Non-specific,SYNDROMIC_CLASSIFICATION,1,MAHA-2025-W23-003,2025-W23,NO,Non-specific syndromic fever label lacking microbiological etiology,Syndromic catch-all category; must not be merged into specific vector-borne infections
Fever / PUO (Syndromic),Undifferentiated Fever / PUO,Fever of unknown origin,Fever of unknown origin,Fever,Syndromic / Non-specific,SYNDROMIC_CLASSIFICATION,1,MAHA-2025-W32-001,2025-W32,NO,Non-specific syndromic fever label lacking microbiological etiology,Syndromic catch-all category; must not be merged into specific vector-borne infections
Fever / PUO (Syndromic),Undifferentiated Fever / PUO,Fever,Fever 36 0 29/11/,Fever,Syndromic / Non-specific,SYNDROMIC_CLASSIFICATION,1,MAHA-2025-W49-006,2025-W49,NO,Non-specific syndromic fever label lacking microbiological etiology,Syndromic catch-all category; must not be merged into specific vector-borne infections
Fever with Rash (Syndromic),Febrile Rash Illness,Fever with Rash,Fever with Rash,Fever,Syndromic / Non-specific,SYNDROMIC_CLASSIFICATION,2,MAHA-2025-W11-002,2025-W11,NO,Syndromic febrile exanthem surveillance category,Syndromic category; distinct from confirmed Measles/Rubella
Food Poisoning,Confirmed Food Poisoning,Food Poisoning,Food Poisoning,Food_Poisoning,Clean Canonical,VERBATIM_CANONICAL,49,MAHA-2022-W09-001,2022-W09,NO,Standard foodborne intoxication / acute gastroenteritis point-source outbreak,Canonical food poisoning outbreak definition
Food Poisoning,Suspected Food Poisoning,Suspected Food Poisoning,Suspected Food Poisoning,Food_Poisoning,Suspected Category,SUSPECTED_CATEGORY_LINK,27,MAHA-2025-W18-002,2025-W18,NO,Suspected acute foodborne intoxication pending laboratory/toxicological verification,Reflects administrative reporting shift in 2025-2026; mapped to Food Poisoning family with suspected subclassification
Food Poisoning,Confirmed Food Poisoning,Food Poisoning,Solapur Food Poisoning,Food_Poisoning,Clean Canonical,VERBATIM_CANONICAL,2,MAHA-2022-W16-001,2022-W16,NO,Standard foodborne intoxication / acute gastroenteritis point-source outbreak,Canonical food poisoning outbreak definition
Food Poisoning,Confirmed Food Poisoning,Food Poisoning,Food poisoning,Food_Poisoning,Clean Canonical,VERBATIM_CANONICAL,1,MAHA-2022-W23-004,2022-W23,NO,Standard foodborne intoxication / acute gastroenteritis point-source outbreak,Canonical food poisoning outbreak definition
Food Poisoning,Confirmed Food Poisoning,Food Poisoning,Suburban Food Poisoning,Food_Poisoning,Clean Canonical,VERBATIM_CANONICAL,1,MAHA-2024-W20-007,2024-W20,NO,Standard foodborne intoxication / acute gastroenteritis point-source outbreak,Canonical food poisoning outbreak definition
Food Poisoning,Confirmed Food Poisoning,Food Poisoning,Yavatmal Food Poisoning,Food_Poisoning,Clean Canonical,VERBATIM_CANONICAL,1,MAHA-2024-W21-005,2024-W21,NO,Standard foodborne intoxication / acute gastroenteritis point-source outbreak,Canonical food poisoning outbreak definition
Food Poisoning,Confirmed Food Poisoning,Food Poisoning,Dharashiv Food Poisoning,Food_Poisoning,Clean Canonical,VERBATIM_CANONICAL,1,MAHA-2025-W16-001,2025-W16,NO,Standard foodborne intoxication / acute gastroenteritis point-source outbreak,Canonical food poisoning outbreak definition
Food Poisoning,Food Poisoning (Boundary Truncated),Poisoning,Chhatrapati Sambhajinaga r Food Poisoning,Food_Poisoning,Malformed Boundary Leakage,BOUNDARY_TRUNCATION_CORRECTION,1,MAHA-2025-W18-001,2025-W18,YES,"Raw string ""Chhatrapati Sambhajinaga r Food Poisoning"" was truncated by greedy regex to ""Poisoning""",Etiologically identical to Food Poisoning; underlying outbreak is foodborne illness; flag for manual review
Food Poisoning,Suspected Food Poisoning,Suspected Food Poisoning,Dharashiv Suspected Food Poisoning,Food_Poisoning,Suspected Category,SUSPECTED_CATEGORY_LINK,1,MAHA-2025-W27-001,2025-W27,NO,Suspected acute foodborne intoxication pending laboratory/toxicological verification,Reflects administrative reporting shift in 2025-2026; mapped to Food Poisoning family with suspected subclassification
Food Poisoning,Confirmed Food Poisoning,Food Poisoning,Maharasht ra Dharashiv Food Poisoning,Food_Poisoning,Clean Canonical,VERBATIM_CANONICAL,1,MAHA-2025-W32-004,2025-W32,NO,Standard foodborne intoxication / acute gastroenteritis point-source outbreak,Canonical food poisoning outbreak definition
Food Poisoning,Suspected Food Poisoning,Suspected Food Poisoning,a Dharashiv Suspected Food Poisoning,Food_Poisoning,Suspected Category,SUSPECTED_CATEGORY_LINK,1,MAHA-2025-W39-002,2025-W39,NO,Suspected acute foodborne intoxication pending laboratory/toxicological verification,Reflects administrative reporting shift in 2025-2026; mapped to Food Poisoning family with suspected subclassification
Food Poisoning,Suspected Food Poisoning,Suspected Food Poisoning,Suspected Food Poisoning 408 0 05/12/,Food_Poisoning,Suspected Category,SUSPECTED_CATEGORY_LINK,1,MAHA-2025-W49-005,2025-W49,NO,Suspected acute foodborne intoxication pending laboratory/toxicological verification,Reflects administrative reporting shift in 2025-2026; mapped to Food Poisoning family with suspected subclassification
Food Poisoning,Suspected Food Poisoning,Suspected Food Poisoning,Maharash tra Dharashiv Suspected Food Poisoning,Food_Poisoning,Suspected Category,SUSPECTED_CATEGORY_LINK,1,MAHA-2026-W15-001,2026-W15,NO,Suspected acute foodborne intoxication pending laboratory/toxicological verification,Reflects administrative reporting shift in 2025-2026; mapped to Food Poisoning family with suspected subclassification
Hand Foot Mouth Disease,Enterovirus / Coxsackievirus,Hand Foot Mouth Disease,Hand Foot Mouth Disease,Hand Foot Mouth Disease,Clean Canonical,VERBATIM_CANONICAL,1,MAHA-2022-W38-001,2022-W38,NO,Pediatric enteroviral exanthem,Distinct enteroviral illness
Hepatitis (Unspecified/Suspected),Suspected Acute Viral Hepatitis,Suspected Acute Hepatitis,Suspected Acute Hepatitis,Hepatitis,Suspected Category,SUSPECTED_CATEGORY_LINK,1,MAHA-2024-W18-003,2024-W18,NO,Unspecified acute hepatitis pending serological typing,Preserved distinct from confirmed Hepatitis A; unconfirmed viral etiology
Hepatitis A,Viral Hepatitis A (Enteric),Hepatitis A,Hepatitis A,Hepatitis,Clean Canonical,ORTHOGRAPHIC_HARMONIZATION,27,MAHA-2024-W02-001,2024-W02,NO,Serologically/clinically confirmed Hepatitis A Virus (IgM anti-HAV),Enteric viral hepatitis; preserved distinct from Hepatitis E and non-specific jaundice
Hepatitis A,Viral Hepatitis A (Enteric),Hepatitis-A,Hepatitis-A,Hepatitis,Spelling Variant,ORTHOGRAPHIC_HARMONIZATION,2,MAHA-2023-W43-007,2023-W43,NO,Serologically/clinically confirmed Hepatitis A Virus (IgM anti-HAV),Enteric viral hepatitis; preserved distinct from Hepatitis E and non-specific jaundice
Hepatitis A,Acute Viral Hepatitis A,Acute Hepatitis A,Acute Hepatitis A,Hepatitis,Clean Canonical,ORTHOGRAPHIC_HARMONIZATION,2,MAHA-2024-W48-003,2024-W48,NO,Serologically/clinically confirmed Hepatitis A Virus (IgM anti-HAV),Enteric viral hepatitis; preserved distinct from Hepatitis E and non-specific jaundice
Hepatitis A,Viral Hepatitis A (Enteric),Hepatitis A,Thane Hepatitis A,Hepatitis,Clean Canonical,ORTHOGRAPHIC_HARMONIZATION,1,MAHA-2024-W42-008,2024-W42,NO,Serologically/clinically confirmed Hepatitis A Virus (IgM anti-HAV),Enteric viral hepatitis; preserved distinct from Hepatitis E and non-specific jaundice
Hepatitis A,Viral Hepatitis A (Enteric),Hepatitis A,Raigad Hepatitis A,Hepatitis,Clean Canonical,ORTHOGRAPHIC_HARMONIZATION,1,MAHA-2024-W43-003,2024-W43,NO,Serologically/clinically confirmed Hepatitis A Virus (IgM anti-HAV),Enteric viral hepatitis; preserved distinct from Hepatitis E and non-specific jaundice
Hepatitis A & E Co-reporting,Dual Enteric Viral Hepatitis,Hepatitis A&E,Hepatitis A&E,Hepatitis,Combination Disease,COMBINATION_PRESERVATION,1,MAHA-2024-W05-001,2024-W05,NO,Preserved as distinct combination; co-reported HAV and HEV outbreak,Dual enteric viral hepatitis transmission; distinct virological entities
Hepatitis A & E Co-reporting,Dual Enteric Viral Hepatitis,Hepatitis A & E,Hepatitis A & E,Hepatitis,Combination Disease,COMBINATION_PRESERVATION,1,MAHA-2026-W24-001,2026-W24,NO,Preserved as distinct combination; co-reported HAV and HEV outbreak,Dual enteric viral hepatitis transmission; distinct virological entities
Hepatitis E,Viral Hepatitis E (Enteric),Hepatitis E,Hepatitis E,Hepatitis,Clean Canonical,VERBATIM_CANONICAL,1,MAHA-2026-W28-004,2026-W28,NO,Enteric Hepatitis E Virus (HEV) outbreak,Distinct viral agent (HEV); distinct epidemiology (often pregnant women risk); not merged with HAV
Human Rabies,Rabies Lyssavirus,Human Rabies,Human Rabies,Rabies,Clean Canonical,VERBATIM_CANONICAL,3,MAHA-2024-W52-003,2024-W52,NO,Fatal zoonotic viral encephalitis,Distinct zoonotic lyssavirus disease
Japanese Encephalitis,Japanese Encephalitis Virus (JEV),Japanese Encephalitis,Japanese Encephalitis,Japanese Encephalitis,Clean Canonical,VERBATIM_CANONICAL,2,MAHA-2024-W24-001,2024-W24,NO,Mosquito-borne arboviral flavivirus encephalitis,Etiologically specific arbovirus; not merged with broad AES
Jaundice (Syndromic),Clinical Jaundice (Non-specific),Jaundice,Jaundice,Hepatitis,Syndromic / Non-specific,SYNDROMIC_CLASSIFICATION,2,MAHA-2025-W09-001,2025-W09,NO,Clinical syndromic descriptor; unclassified etiology,Syndromic symptom only; must not be assumed to be HAV/HEV
Leptospirosis,Confirmed Leptospira Outbreak,Leptospirosis,Leptospirosis,Leptospirosis,Clean Canonical,VERBATIM_CANONICAL,10,MAHA-2022-W51-004,2022-W51,NO,Zoonotic spirochetal water-contact outbreak (MAT / IgM confirmed),Distinct water-contact zoonosis; not combined with vector-borne fevers
Malaria,Malaria (Unspecified Species),Malaria,Malaria,Malaria,Clean Canonical,VERBATIM_CANONICAL,54,MAHA-2022-W02-001,2022-W02,NO,Standard confirmed microscopic/RDT malaria outbreak record,Standard vector-borne parasitic outbreak
Malaria,Plasmodium vivax,Malaria (P.vivax),Malaria (P.vivax),Malaria,Disease Subtype,SPECIES_SUBCLASSIFICATION,3,MAHA-2025-W24-001,2025-W24,NO,Species-specific laboratory confirmation of malarial pathogen,Unified under Malaria family for statistical power while retaining subspecies attribute
Malaria,Malaria (Unspecified Species),Malaria,Maharasht ra Dharashiv Malaria,Malaria,Clean Canonical,VERBATIM_CANONICAL,3,MAHA-2025-W26-003,2025-W26,NO,Standard confirmed microscopic/RDT malaria outbreak record,Standard vector-borne parasitic outbreak
Malaria,Mixed (P. vivax & P. falciparum),Malaria (P.vivax & P.falciparum),Malaria (P.vivax & P.falciparum),Malaria,Disease Subtype,SPECIES_SUBCLASSIFICATION,2,MAHA-2025-W28-005,2025-W28,NO,Species-specific laboratory confirmation of malarial pathogen,Unified under Malaria family for statistical power while retaining subspecies attribute
Malaria,Malaria (Unspecified Species),Malaria,a Dharashiv Malaria,Malaria,Clean Canonical,VERBATIM_CANONICAL,2,MAHA-2025-W40-003,2025-W40,NO,Standard confirmed microscopic/RDT malaria outbreak record,Standard vector-borne parasitic outbreak
Malaria,Plasmodium vivax,Malaria (PV),Kudal) Malaria (PV),Malaria,Disease Subtype,SPECIES_SUBCLASSIFICATION,1,MAHA-2022-W19-003,2022-W19,NO,Species-specific laboratory confirmation of malarial pathogen,Unified under Malaria family for statistical power while retaining subspecies attribute
Malaria,Malaria (Unspecified Species),Malaria,IHIP) Gondia Malaria,Malaria,Clean Canonical,VERBATIM_CANONICAL,1,MAHA-2022-W24-001,2022-W24,NO,Standard confirmed microscopic/RDT malaria outbreak record,Standard vector-borne parasitic outbreak
Malaria,Plasmodium falciparum,Malaria (P.falciparum ),Malaria (P.falciparum ),Malaria,Disease Subtype,SPECIES_SUBCLASSIFICATION,1,MAHA-2025-W24-002,2025-W24,NO,Species-specific laboratory confirmation of malarial pathogen,Unified under Malaria family for statistical power while retaining subspecies attribute
Malaria,Mixed (P. vivax & P. falciparum),Malaria (P.falciparum & P.vivax),Malaria (P.falciparu m & P.vivax),Malaria,Disease Subtype,SPECIES_SUBCLASSIFICATION,1,MAHA-2025-W26-006,2025-W26,NO,Species-specific laboratory confirmation of malarial pathogen,Unified under Malaria family for statistical power while retaining subspecies attribute
Malaria,Plasmodium falciparum,Complicated Malaria (Plasmodium falciparum),Complicate d Malaria (Plasmodiu m falciparum),Malaria,Disease Subtype,SPECIES_SUBCLASSIFICATION,1,MAHA-2025-W27-002,2025-W27,NO,Species-specific laboratory confirmation of malarial pathogen,Unified under Malaria family for statistical power while retaining subspecies attribute
Malaria,Mixed (P. vivax & P. falciparum),Mixed Malaria (Plasmodium falciparum & Plasmodium vivax),Mixed Malaria (Plasmodiu m falciparum & Plasmodiu m vivax),Malaria,Disease Subtype,SPECIES_SUBCLASSIFICATION,1,MAHA-2025-W27-003,2025-W27,NO,Species-specific laboratory confirmation of malarial pathogen,Unified under Malaria family for statistical power while retaining subspecies attribute
Malaria,Plasmodium falciparum,Malaria (P.falciparum),Malaria (P.falciparum),Malaria,Disease Subtype,SPECIES_SUBCLASSIFICATION,1,MAHA-2025-W28-004,2025-W28,NO,Species-specific laboratory confirmation of malarial pathogen,Unified under Malaria family for statistical power while retaining subspecies attribute
Measles,Confirmed Measles Outbreak,Measles,Measles,Measles,Clean Canonical,VERBATIM_CANONICAL,25,MAHA-2022-W51-001,2022-W51,NO,Canonical measles outbreak record,Vaccine-preventable viral exanthem
Measles,Confirmed Measles Outbreak,Measles,a Dharashiv Measles 17 0 02/12/,Measles,Clean Canonical,VERBATIM_CANONICAL,1,MAHA-2025-W49-002,2025-W49,NO,Canonical measles outbreak record,Vaccine-preventable viral exanthem
Measles,Confirmed Measles Outbreak,Measles,a Dharashiv Measles,Measles,Clean Canonical,VERBATIM_CANONICAL,1,MAHA-2026-W05-001,2026-W05,NO,Canonical measles outbreak record,Vaccine-preventable viral exanthem
Measles,Measles (Source Boundary Leaked),a Chhatrapati Sambhajinaga r Measles,a Chhatrapati Sambhajinaga r Measles,Measles,Malformed Boundary Leakage,SOURCE_BOUNDARY_CORRECTION,1,MAHA-2026-W09-001,2026-W09,YES,"District prefix ""a Chhatrapati Sambhajinaga r"" leaked into disease field during PDF extraction; true disease is Measles",Etiologically identical to Measles; flag for manual label review while mapping to Measles family for completeness audit
Measles,Confirmed Measles Outbreak,Measles,Maharasht ra Chhatrapati Sambhajinag ar Measles,Measles,Clean Canonical,VERBATIM_CANONICAL,1,MAHA-2026-W17-001,2026-W17,NO,Canonical measles outbreak record,Vaccine-preventable viral exanthem
Measles,Confirmed Measles Outbreak,Measles,Chhatrapati Sambhajinagar Measles,Measles,Clean Canonical,VERBATIM_CANONICAL,1,MAHA-2026-W21-002,2026-W21,NO,Canonical measles outbreak record,Vaccine-preventable viral exanthem
Measles & Rubella Co-reporting,Dual Viral Exanthem Outbreak,Measles & Rubella,Measles & Rubella,Measles,Combination Disease,COMBINATION_PRESERVATION,2,MAHA-2022-W24-003,2022-W24,NO,Preserved as distinct combination; co-reported measles and rubella cases,Separate viral pathogens; combined line listing reflects syndromic fever-rash surveillance clustering
Mumps,Mumps Rubulavirus,Mumps,Mumps,Mumps,Clean Canonical,VERBATIM_CANONICAL,2,MAHA-2023-W49-002,2023-W49,NO,Viral parotitis,Distinct paramyxovirus exanthem
Pertussis,Bordetella pertussis,Pertussis,Pertussis,Pertussis,Clean Canonical,VERBATIM_CANONICAL,1,MAHA-2024-W26-002,2024-W26,NO,Whooping cough,Distinct bacterial respiratory infection
Scrub Typhus,Confirmed Orientia tsutsugamushi Outbreak,Scrub Typhus,Scrub Typhus,Scrub_Typhus,Clean Canonical,VERBATIM_CANONICAL,12,MAHA-2022-W45-001,2022-W45,NO,Zoonotic rickettsial infection (Weil-Felix / ELISA confirmed),Distinct mite-borne zoonosis
Scrub Typhus,Confirmed Orientia tsutsugamushi Outbreak,Scrub Typhus,Wardha Scrub Typhus,Scrub_Typhus,Clean Canonical,VERBATIM_CANONICAL,1,MAHA-2023-W35-011,2023-W35,NO,Zoonotic rickettsial infection (Weil-Felix / ELISA confirmed),Distinct mite-borne zoonosis
Typhoid,Confirmed Salmonella enterica serovar Typhi,Typhoid,Typhoid,Typhoid,Clean Canonical,VERBATIM_CANONICAL,2,MAHA-2024-W26-017,2024-W26,NO,Enteric fever confirmed outbreak,Distinct bacterial enteric fever
Typhoid,Suspected Typhoid Fever,Suspected Typhoid,Suspected Typhoid,Typhoid,Suspected Category,SUSPECTED_CATEGORY_LINK,1,MAHA-2026-W23-002,2026-W23,NO,Suspected enteric fever pending blood culture/Widal serology,Mapped to Typhoid family as suspected subclass
Zika Virus,Confirmed Zika Virus Disease,Zika Virus,Zika Virus,Zika_Virus,Clean Canonical,VERBATIM_CANONICAL,26,MAHA-2023-W36-002,2023-W36,NO,Specific arboviral disease (RT-PCR confirmed),Distinct flavivirus; not merged with Dengue
Zika Virus,Confirmed Zika Virus Disease,Zika Virus,Suburban Zika Virus,Zika_Virus,Clean Canonical,VERBATIM_CANONICAL,1,MAHA-2023-W34-006,2023-W34,NO,Specific arboviral disease (RT-PCR confirmed),Distinct flavivirus; not merged with Dengue