disease_family,family_transmission_type,constituent_clean_labels_count,constituent_clean_labels_list,records_2022_2025,records_2026_ytd,records_total,complete_years_present_count,complete_years_list,all_years_present_count,epi_weeks_count_2022_2025,epi_weeks_count_all,calendar_months_count_2022_2025,calendar_months_count_all,districts_count_2022_2025,districts_count_all,cases_2022_2025,cases_total,deaths_2022_2025,deaths_total,cfr_2022_2025,cfr_total,mean_annual_outbreaks_2022_2025,temporal_week_density_pct,month_coverage_pct,district_coverage_pct
Dengue,Vector-borne,2,Dengue; Suspected Dengue Fever,204,6,210,4,2022;2023;2024;2025,5,44,45,12,12,31,31,3144,3250,93,93,2.96%,2.86%,51.00,84.6%,100.0%,86.1%
Acute Diarrheal Disease,Enteric / Food / Waterborne,3,Acute Diarrheal Disease; Acute Diarrhoeal Disease; Acute Diarrheal Diseases,153,18,171,4,2022;2023;2024;2025,5,45,47,12,12,33,33,9050,9914,93,93,1.03%,0.94%,38.25,86.5%,100.0%,91.7%
Malaria,Vector-borne,9,Malaria; Malaria (PV); Malaria (P.vivax); Malaria (P.falciparum ); Malaria (P.falciparum & P.vivax); Complicated Malaria (Plasmodium falciparum); Mixed Malaria (Plasmodium falciparum & Plasmodium vivax); Malaria (P.falciparum); Malaria (P.vivax & P.falciparum),70,1,71,4,2022;2023;2024;2025,5,32,32,12,12,15,15,2133,2198,51,51,2.39%,2.32%,17.50,61.5%,100.0%,41.7%
Food Poisoning,Enteric / Food / Waterborne,3,Food Poisoning; Poisoning; Suspected Food Poisoning,69,19,88,4,2022;2023;2024;2025,5,33,38,11,11,27,30,5927,7009,29,29,0.49%,0.41%,17.25,63.5%,91.7%,75.0%
Chikungunya,Vector-borne,1,Chikungunya,43,1,44,4,2022;2023;2024;2025,5,27,28,12,12,15,15,701,710,0,0,0.00%,0.00%,10.75,51.9%,100.0%,41.7%
Hepatitis A,Enteric / Food / Waterborne,3,Hepatitis-A; Hepatitis A; Acute Hepatitis A,29,4,33,3,2023;2024;2025,4,22,23,12,12,9,12,812,890,3,3,0.37%,0.34%,7.25,42.3%,100.0%,25.0%
Fever / PUO (Syndromic),Syndromic / Non-specific,4,Pyrexia of Unknown Origin; Fever; Fever of Unknown Cause; Fever of unknown origin,28,2,30,3,2022;2023;2025,4,15,17,8,9,16,17,619,665,38,39,6.14%,5.86%,7.00,28.8%,66.7%,44.4%
Cholera,Enteric / Food / Waterborne,1,Cholera,27,0,27,3,2022;2024;2025,3,15,15,8,8,14,14,863,863,9,9,1.04%,1.04%,6.75,28.8%,66.7%,38.9%
Zika Virus,Vector-borne,1,Zika Virus,27,0,27,2,2023;2024,2,14,14,5,5,5,5,84,84,0,0,0.00%,0.00%,6.75,26.9%,41.7%,13.9%
Measles,Airborne / Exanthem / Vaccine-Preventable,2,Measles; a Chhatrapati Sambhajinaga r Measles,16,14,30,3,2022;2023;2025,4,13,23,7,9,6,8,222,361,25,26,11.26%,7.20%,4.00,25.0%,58.3%,16.7%
Scrub Typhus,Zoonotic,1,Scrub Typhus,13,0,13,4,2022;2023;2024;2025,4,11,11,7,7,7,7,120,120,10,10,8.33%,8.33%,3.25,21.2%,58.3%,19.4%
Dengue & Chikungunya Co-reporting,Multi-Pathogen Combination,3,Dengue and Chikungunya; Dengue & Chikungunya; Chikungunya & Dengue,11,0,11,4,2022;2023;2024;2025,4,10,10,8,8,7,7,143,143,1,1,0.70%,0.70%,2.75,19.2%,66.7%,19.4%
Leptospirosis,Zoonotic,1,Leptospirosis,10,0,10,4,2022;2023;2024;2025,4,9,9,7,7,7,7,95,95,7,7,7.37%,7.37%,2.50,17.3%,58.3%,19.4%
Acute Gastroenteritis,Syndromic / Non-specific,2,Acute Gastroenteritis; Acute Gastroenteri tis,5,4,9,2,2024;2025,3,5,9,5,7,3,5,104,297,0,0,0.00%,0.00%,1.25,9.6%,41.7%,8.3%
Chickenpox,Airborne / Exanthem / Vaccine-Preventable,1,Chickenpox,5,1,6,3,2022;2024;2025,4,5,6,4,5,5,6,79,102,0,0,0.00%,0.00%,1.25,9.6%,33.3%,13.9%
Acute Encephalitis Syndrome (AES),Syndromic / Non-specific,2,Acute Encephalitic Syndrome; Acute Encephalitis Syndrome,3,0,3,2,2023;2025,2,3,3,2,2,2,2,67,67,26,26,38.81%,38.81%,0.75,5.8%,16.7%,5.6%
Typhoid,Enteric / Food / Waterborne,2,Typhoid; Suspected Typhoid,2,1,3,2,2024;2025,3,2,3,2,2,2,3,44,155,0,0,0.00%,0.00%,0.50,3.8%,16.7%,5.6%
Human Rabies,Zoonotic,1,Human Rabies,2,1,3,2,2024;2025,3,2,3,2,3,1,2,2,3,2,3,100.00%,100.00%,0.50,3.8%,16.7%,2.8%
Measles & Rubella Co-reporting,Multi-Pathogen Combination,1,Measles & Rubella,2,0,2,2,2022;2023,2,2,2,2,2,1,1,38,38,0,0,0.00%,0.00%,0.50,3.8%,16.7%,2.8%
Dengue & Malaria Co-reporting,Multi-Pathogen Combination,2,Malaria and Dengue; Dengue & Malaria (P.vivax),2,0,2,2,2022;2025,2,2,2,2,2,2,2,68,68,1,1,1.47%,1.47%,0.50,3.8%,16.7%,5.6%
Mumps,Airborne / Exanthem / Vaccine-Preventable,1,Mumps,2,0,2,2,2023;2024,2,2,2,2,2,2,2,12,12,0,0,0.00%,0.00%,0.50,3.8%,16.7%,5.6%
Japanese Encephalitis,Vector-borne,1,Japanese Encephalitis,2,0,2,2,2024;2025,2,2,2,2,2,2,2,4,4,1,1,25.00%,25.00%,0.50,3.8%,16.7%,5.6%
Dysentery,Syndromic / Non-specific,1,Dysentery,2,0,2,2,2024;2025,2,2,2,2,2,2,2,205,205,0,0,0.00%,0.00%,0.50,3.8%,16.7%,5.6%
Hepatitis A & E Co-reporting,Multi-Pathogen Combination,2,Hepatitis A&E; Hepatitis A & E,1,1,2,1,2024,2,1,2,1,2,1,1,101,124,0,0,0.00%,0.00%,0.25,1.9%,8.3%,2.8%
Jaundice (Syndromic),Syndromic / Non-specific,1,Jaundice,1,1,2,1,2025,2,1,2,1,2,1,2,12,40,0,0,0.00%,0.00%,0.25,1.9%,8.3%,2.8%
Fever with Rash (Syndromic),Syndromic / Non-specific,1,Fever with Rash,1,1,2,1,2025,2,1,2,1,2,1,2,13,19,0,0,0.00%,0.00%,0.25,1.9%,8.3%,2.8%
Hand Foot Mouth Disease,Infectious Specific,1,Hand Foot Mouth Disease,1,0,1,1,2022,1,1,1,1,1,1,1,19,19,0,0,0.00%,0.00%,0.25,1.9%,8.3%,2.8%
Hepatitis (Unspecified/Suspected),Enteric / Food / Waterborne,1,Suspected Acute Hepatitis,1,0,1,1,2024,1,1,1,1,1,1,1,24,24,0,0,0.00%,0.00%,0.25,1.9%,8.3%,2.8%
Pertussis,Airborne / Exanthem / Vaccine-Preventable,1,Pertussis,1,0,1,1,2024,1,1,1,1,1,1,1,9,9,0,0,0.00%,0.00%,0.25,1.9%,8.3%,2.8%
Hepatitis E,Enteric / Food / Waterborne,1,Hepatitis E,0,1,1,0,,1,0,1,0,1,0,1,0,38,0,0,0.00%,0.00%,0.00,0.0%,0.0%,0.0%