disease_family,surveillance_year,surveillance_period_status,outbreak_records,total_cases,total_deaths,case_fatality_rate,active_districts_count,active_epidemiological_weeks,peak_transmission_month,peak_month_outbreak_count
Dengue,2022,COMPLETE_YEAR (52/52 wks),20,242,8,3.31%,9,14,Month 9,6
Dengue,2023,COMPLETE_AS_PUBLISHED (49 wks official),104,1593,58,3.64%,27,28,Month 10,33
Dengue,2024,COMPLETE_YEAR (52/52 wks),63,915,21,2.30%,21,31,Month 6,13
Dengue,2025,COMPLETE_YEAR (52/52 wks),17,394,6,1.52%,10,11,Month 8,5
Dengue,2026_YTD,PARTIAL_YTD (W01-W32),6,106,0,0.00%,6,6,Month 3,3
Dengue,TOTAL_2022_2025,PRIMARY_COMPARISON_BASELINE (4 Years),204,3144,93,2.96%,31,44,Month 10,40
Dengue,GRAND_TOTAL,ENTIRE_SURVEILLANCE_ARCHIVE (2022-2026),210,3250,93,2.86%,31,45,Month 10,40
Acute Diarrheal Disease,2022,COMPLETE_YEAR (52/52 wks),18,834,3,0.36%,10,15,Month 12,5
Acute Diarrheal Disease,2023,COMPLETE_AS_PUBLISHED (49 wks official),24,1468,1,0.07%,17,20,Month 6,5
Acute Diarrheal Disease,2024,COMPLETE_YEAR (52/52 wks),71,5134,13,0.25%,27,35,Month 7,13
Acute Diarrheal Disease,2025,COMPLETE_YEAR (52/52 wks),40,1614,76,4.71%,18,24,Month 10,9
Acute Diarrheal Disease,2026_YTD,PARTIAL_YTD (W01-W32),18,864,0,0.00%,12,11,Month 1,4
Acute Diarrheal Disease,TOTAL_2022_2025,PRIMARY_COMPARISON_BASELINE (4 Years),153,9050,93,1.03%,33,45,Month 10,25
Acute Diarrheal Disease,GRAND_TOTAL,ENTIRE_SURVEILLANCE_ARCHIVE (2022-2026),171,9914,93,0.94%,33,47,Month 10,25
Malaria,2022,COMPLETE_YEAR (52/52 wks),11,406,8,1.97%,3,10,Month 5,4
Malaria,2023,COMPLETE_AS_PUBLISHED (49 wks official),18,317,16,5.05%,9,14,Month 5,3
Malaria,2024,COMPLETE_YEAR (52/52 wks),22,1103,18,1.63%,7,14,Month 7,6
Malaria,2025,COMPLETE_YEAR (52/52 wks),19,307,9,2.93%,10,11,Month 6,8
Malaria,2026_YTD,PARTIAL_YTD (W01-W32),1,65,0,0.00%,1,1,Month 7,1
Malaria,TOTAL_2022_2025,PRIMARY_COMPARISON_BASELINE (4 Years),70,2133,51,2.39%,15,32,Month 6,15
Malaria,GRAND_TOTAL,ENTIRE_SURVEILLANCE_ARCHIVE (2022-2026),71,2198,51,2.32%,15,32,Month 6,15
Food Poisoning,2022,COMPLETE_YEAR (52/52 wks),6,573,0,0.00%,5,5,Month 5,2
Food Poisoning,2023,COMPLETE_AS_PUBLISHED (49 wks official),8,417,0,0.00%,8,7,Month 2,2
Food Poisoning,2024,COMPLETE_YEAR (52/52 wks),26,2684,3,0.11%,18,18,Month 2,5
Food Poisoning,2025,COMPLETE_YEAR (52/52 wks),29,2253,26,1.15%,18,20,Month 1,5
Food Poisoning,2026_YTD,PARTIAL_YTD (W01-W32),19,1082,0,0.00%,16,15,Month 6,5
Food Poisoning,TOTAL_2022_2025,PRIMARY_COMPARISON_BASELINE (4 Years),69,5927,29,0.49%,27,33,Month 2,11
Food Poisoning,GRAND_TOTAL,ENTIRE_SURVEILLANCE_ARCHIVE (2022-2026),88,7009,29,0.41%,30,38,Month 2,13
Chikungunya,2022,COMPLETE_YEAR (52/52 wks),7,113,0,0.00%,5,6,Month 5,3
Chikungunya,2023,COMPLETE_AS_PUBLISHED (49 wks official),7,194,0,0.00%,4,6,Month 7,2
Chikungunya,2024,COMPLETE_YEAR (52/52 wks),22,313,0,0.00%,10,16,Month 6,4
Chikungunya,2025,COMPLETE_YEAR (52/52 wks),7,81,0,0.00%,6,7,Month 8,2
Chikungunya,2026_YTD,PARTIAL_YTD (W01-W32),1,9,0,0.00%,1,1,Month 4,1
Chikungunya,TOTAL_2022_2025,PRIMARY_COMPARISON_BASELINE (4 Years),43,701,0,0.00%,15,27,Month 5,6
Chikungunya,GRAND_TOTAL,ENTIRE_SURVEILLANCE_ARCHIVE (2022-2026),44,710,0,0.00%,15,28,Month 5,6
Hepatitis A,2022,COMPLETE_YEAR (52/52 wks),0,0,0,0.00%,0,0,None,0
Hepatitis A,2023,COMPLETE_AS_PUBLISHED (49 wks official),1,16,0,0.00%,1,1,Month 10,1
Hepatitis A,2024,COMPLETE_YEAR (52/52 wks),19,508,2,0.39%,8,15,Month 9,4
Hepatitis A,2025,COMPLETE_YEAR (52/52 wks),9,288,1,0.35%,4,8,Month 2,3
Hepatitis A,2026_YTD,PARTIAL_YTD (W01-W32),4,78,0,0.00%,4,4,Month 2,2
Hepatitis A,TOTAL_2022_2025,PRIMARY_COMPARISON_BASELINE (4 Years),29,812,3,0.37%,9,22,Month 9,4
Hepatitis A,GRAND_TOTAL,ENTIRE_SURVEILLANCE_ARCHIVE (2022-2026),33,890,3,0.34%,12,23,Month 2,5
Fever / PUO (Syndromic),2022,COMPLETE_YEAR (52/52 wks),3,63,0,0.00%,2,2,Month 11,3
Fever / PUO (Syndromic),2023,COMPLETE_AS_PUBLISHED (49 wks official),13,302,6,1.99%,8,7,Month 8,7
Fever / PUO (Syndromic),2024,COMPLETE_YEAR (52/52 wks),0,0,0,0.00%,0,0,None,0
Fever / PUO (Syndromic),2025,COMPLETE_YEAR (52/52 wks),12,254,32,12.60%,9,11,Month 2,2
Fever / PUO (Syndromic),2026_YTD,PARTIAL_YTD (W01-W32),2,46,1,2.17%,2,2,Month 3,1
Fever / PUO (Syndromic),TOTAL_2022_2025,PRIMARY_COMPARISON_BASELINE (4 Years),28,619,38,6.14%,16,15,Month 8,9
Fever / PUO (Syndromic),GRAND_TOTAL,ENTIRE_SURVEILLANCE_ARCHIVE (2022-2026),30,665,39,5.86%,17,17,Month 8,9
Cholera,2022,COMPLETE_YEAR (52/52 wks),5,355,5,1.41%,3,3,Month 10,2
Cholera,2023,COMPLETE_AS_PUBLISHED (49 wks official),0,0,0,0.00%,0,0,None,0
Cholera,2024,COMPLETE_YEAR (52/52 wks),19,465,4,0.86%,11,12,Month 7,6
Cholera,2025,COMPLETE_YEAR (52/52 wks),3,43,0,0.00%,3,3,Month 6,1
Cholera,2026_YTD,PARTIAL_YTD (W01-W32),0,0,0,0.00%,0,0,None,0
Cholera,TOTAL_2022_2025,PRIMARY_COMPARISON_BASELINE (4 Years),27,863,9,1.04%,14,15,Month 7,7
Cholera,GRAND_TOTAL,ENTIRE_SURVEILLANCE_ARCHIVE (2022-2026),27,863,9,1.04%,14,15,Month 7,7
Zika Virus,2022,COMPLETE_YEAR (52/52 wks),0,0,0,0.00%,0,0,None,0
Zika Virus,2023,COMPLETE_AS_PUBLISHED (49 wks official),5,11,0,0.00%,4,5,Month 9,2
Zika Virus,2024,COMPLETE_YEAR (52/52 wks),22,73,0,0.00%,4,10,Month 7,13
Zika Virus,2025,COMPLETE_YEAR (52/52 wks),0,0,0,0.00%,0,0,None,0
Zika Virus,2026_YTD,PARTIAL_YTD (W01-W32),0,0,0,0.00%,0,0,None,0
Zika Virus,TOTAL_2022_2025,PRIMARY_COMPARISON_BASELINE (4 Years),27,84,0,0.00%,5,14,Month 7,13
Zika Virus,GRAND_TOTAL,ENTIRE_SURVEILLANCE_ARCHIVE (2022-2026),27,84,0,0.00%,5,14,Month 7,13
Measles,2022,COMPLETE_YEAR (52/52 wks),1,6,0,0.00%,1,1,Month 12,1
Measles,2023,COMPLETE_AS_PUBLISHED (49 wks official),7,43,0,0.00%,4,4,Month 1,6
Measles,2024,COMPLETE_YEAR (52/52 wks),0,0,0,0.00%,0,0,None,0
Measles,2025,COMPLETE_YEAR (52/52 wks),8,173,25,14.45%,4,8,Month 7,2
Measles,2026_YTD,PARTIAL_YTD (W01-W32),14,139,1,0.72%,6,12,Month 4,4
Measles,TOTAL_2022_2025,PRIMARY_COMPARISON_BASELINE (4 Years),16,222,25,11.26%,6,13,Month 1,7
Measles,GRAND_TOTAL,ENTIRE_SURVEILLANCE_ARCHIVE (2022-2026),30,361,26,7.20%,8,23,Month 1,8
Scrub Typhus,2022,COMPLETE_YEAR (52/52 wks),1,8,1,12.50%,1,1,Month 11,1
Scrub Typhus,2023,COMPLETE_AS_PUBLISHED (49 wks official),5,46,4,8.70%,3,4,Month 8,2
Scrub Typhus,2024,COMPLETE_YEAR (52/52 wks),4,36,3,8.33%,3,4,Month 4,2
Scrub Typhus,2025,COMPLETE_YEAR (52/52 wks),3,30,2,6.67%,3,3,Month 10,2
Scrub Typhus,2026_YTD,PARTIAL_YTD (W01-W32),0,0,0,0.00%,0,0,None,0
Scrub Typhus,TOTAL_2022_2025,PRIMARY_COMPARISON_BASELINE (4 Years),13,120,10,8.33%,7,11,Month 9,3
Scrub Typhus,GRAND_TOTAL,ENTIRE_SURVEILLANCE_ARCHIVE (2022-2026),13,120,10,8.33%,7,11,Month 9,3
Dengue & Chikungunya Co-reporting,2022,COMPLETE_YEAR (52/52 wks),2,10,0,0.00%,2,2,Month 6,1
Dengue & Chikungunya Co-reporting,2023,COMPLETE_AS_PUBLISHED (49 wks official),3,47,1,2.13%,2,2,Month 11,2
Dengue & Chikungunya Co-reporting,2024,COMPLETE_YEAR (52/52 wks),4,53,0,0.00%,3,4,Month 3,2
Dengue & Chikungunya Co-reporting,2025,COMPLETE_YEAR (52/52 wks),2,33,0,0.00%,2,2,Month 1,1
Dengue & Chikungunya Co-reporting,2026_YTD,PARTIAL_YTD (W01-W32),0,0,0,0.00%,0,0,None,0
Dengue & Chikungunya Co-reporting,TOTAL_2022_2025,PRIMARY_COMPARISON_BASELINE (4 Years),11,143,1,0.70%,7,10,Month 1,2
Dengue & Chikungunya Co-reporting,GRAND_TOTAL,ENTIRE_SURVEILLANCE_ARCHIVE (2022-2026),11,143,1,0.70%,7,10,Month 1,2
Leptospirosis,2022,COMPLETE_YEAR (52/52 wks),1,28,1,3.57%,1,1,Month 11,1
Leptospirosis,2023,COMPLETE_AS_PUBLISHED (49 wks official),4,34,2,5.88%,3,4,Month 2,1
Leptospirosis,2024,COMPLETE_YEAR (52/52 wks),4,18,3,16.67%,4,4,Month 11,2
Leptospirosis,2025,COMPLETE_YEAR (52/52 wks),1,15,1,6.67%,1,1,Month 12,1
Leptospirosis,2026_YTD,PARTIAL_YTD (W01-W32),0,0,0,0.00%,0,0,None,0
Leptospirosis,TOTAL_2022_2025,PRIMARY_COMPARISON_BASELINE (4 Years),10,95,7,7.37%,7,9,Month 11,3
Leptospirosis,GRAND_TOTAL,ENTIRE_SURVEILLANCE_ARCHIVE (2022-2026),10,95,7,7.37%,7,9,Month 11,3
Chickenpox,2022,COMPLETE_YEAR (52/52 wks),1,5,0,0.00%,1,1,Month 3,1
Chickenpox,2023,COMPLETE_AS_PUBLISHED (49 wks official),0,0,0,0.00%,0,0,None,0
Chickenpox,2024,COMPLETE_YEAR (52/52 wks),1,18,0,0.00%,1,1,Month 8,1
Chickenpox,2025,COMPLETE_YEAR (52/52 wks),3,56,0,0.00%,3,3,Month 1,1
Chickenpox,2026_YTD,PARTIAL_YTD (W01-W32),1,23,0,0.00%,1,1,Month 4,1
Chickenpox,TOTAL_2022_2025,PRIMARY_COMPARISON_BASELINE (4 Years),5,79,0,0.00%,5,5,Month 3,2
Chickenpox,GRAND_TOTAL,ENTIRE_SURVEILLANCE_ARCHIVE (2022-2026),6,102,0,0.00%,6,6,Month 3,2
Acute Gastroenteritis,2022,COMPLETE_YEAR (52/52 wks),0,0,0,0.00%,0,0,None,0
Acute Gastroenteritis,2023,COMPLETE_AS_PUBLISHED (49 wks official),0,0,0,0.00%,0,0,None,0
Acute Gastroenteritis,2024,COMPLETE_YEAR (52/52 wks),2,36,0,0.00%,2,2,Month 8,1
Acute Gastroenteritis,2025,COMPLETE_YEAR (52/52 wks),3,68,0,0.00%,2,3,Month 2,1
Acute Gastroenteritis,2026_YTD,PARTIAL_YTD (W01-W32),4,193,0,0.00%,3,4,Month 5,2
Acute Gastroenteritis,TOTAL_2022_2025,PRIMARY_COMPARISON_BASELINE (4 Years),5,104,0,0.00%,3,5,Month 2,1
Acute Gastroenteritis,GRAND_TOTAL,ENTIRE_SURVEILLANCE_ARCHIVE (2022-2026),9,297,0,0.00%,5,9,Month 5,2
Acute Encephalitis Syndrome (AES),2022,COMPLETE_YEAR (52/52 wks),0,0,0,0.00%,0,0,None,0
Acute Encephalitis Syndrome (AES),2023,COMPLETE_AS_PUBLISHED (49 wks official),1,21,1,4.76%,1,1,Month 9,1
Acute Encephalitis Syndrome (AES),2024,COMPLETE_YEAR (52/52 wks),0,0,0,0.00%,0,0,None,0
Acute Encephalitis Syndrome (AES),2025,COMPLETE_YEAR (52/52 wks),2,46,25,54.35%,1,2,Month 9,1
Acute Encephalitis Syndrome (AES),2026_YTD,PARTIAL_YTD (W01-W32),0,0,0,0.00%,0,0,None,0
Acute Encephalitis Syndrome (AES),TOTAL_2022_2025,PRIMARY_COMPARISON_BASELINE (4 Years),3,67,26,38.81%,2,3,Month 9,2
Acute Encephalitis Syndrome (AES),GRAND_TOTAL,ENTIRE_SURVEILLANCE_ARCHIVE (2022-2026),3,67,26,38.81%,2,3,Month 9,2
Measles & Rubella Co-reporting,2022,COMPLETE_YEAR (52/52 wks),1,30,0,0.00%,1,1,Month 4,1
Measles & Rubella Co-reporting,2023,COMPLETE_AS_PUBLISHED (49 wks official),1,8,0,0.00%,1,1,Month 12,1
Measles & Rubella Co-reporting,2024,COMPLETE_YEAR (52/52 wks),0,0,0,0.00%,0,0,None,0
Measles & Rubella Co-reporting,2025,COMPLETE_YEAR (52/52 wks),0,0,0,0.00%,0,0,None,0
Measles & Rubella Co-reporting,2026_YTD,PARTIAL_YTD (W01-W32),0,0,0,0.00%,0,0,None,0
Measles & Rubella Co-reporting,TOTAL_2022_2025,PRIMARY_COMPARISON_BASELINE (4 Years),2,38,0,0.00%,1,2,Month 4,1
Measles & Rubella Co-reporting,GRAND_TOTAL,ENTIRE_SURVEILLANCE_ARCHIVE (2022-2026),2,38,0,0.00%,1,2,Month 4,1
Dengue & Malaria Co-reporting,2022,COMPLETE_YEAR (52/52 wks),1,4,0,0.00%,1,1,Month 8,1
Dengue & Malaria Co-reporting,2023,COMPLETE_AS_PUBLISHED (49 wks official),0,0,0,0.00%,0,0,None,0
Dengue & Malaria Co-reporting,2024,COMPLETE_YEAR (52/52 wks),0,0,0,0.00%,0,0,None,0
Dengue & Malaria Co-reporting,2025,COMPLETE_YEAR (52/52 wks),1,64,1,1.56%,1,1,Month 7,1
Dengue & Malaria Co-reporting,2026_YTD,PARTIAL_YTD (W01-W32),0,0,0,0.00%,0,0,None,0
Dengue & Malaria Co-reporting,TOTAL_2022_2025,PRIMARY_COMPARISON_BASELINE (4 Years),2,68,1,1.47%,2,2,Month 7,1
Dengue & Malaria Co-reporting,GRAND_TOTAL,ENTIRE_SURVEILLANCE_ARCHIVE (2022-2026),2,68,1,1.47%,2,2,Month 7,1
Mumps,2022,COMPLETE_YEAR (52/52 wks),0,0,0,0.00%,0,0,None,0
Mumps,2023,COMPLETE_AS_PUBLISHED (49 wks official),1,7,0,0.00%,1,1,Month 12,1
Mumps,2024,COMPLETE_YEAR (52/52 wks),1,5,0,0.00%,1,1,Month 1,1
Mumps,2025,COMPLETE_YEAR (52/52 wks),0,0,0,0.00%,0,0,None,0
Mumps,2026_YTD,PARTIAL_YTD (W01-W32),0,0,0,0.00%,0,0,None,0
Mumps,TOTAL_2022_2025,PRIMARY_COMPARISON_BASELINE (4 Years),2,12,0,0.00%,2,2,Month 1,1
Mumps,GRAND_TOTAL,ENTIRE_SURVEILLANCE_ARCHIVE (2022-2026),2,12,0,0.00%,2,2,Month 1,1
Japanese Encephalitis,2022,COMPLETE_YEAR (52/52 wks),0,0,0,0.00%,0,0,None,0
Japanese Encephalitis,2023,COMPLETE_AS_PUBLISHED (49 wks official),0,0,0,0.00%,0,0,None,0
Japanese Encephalitis,2024,COMPLETE_YEAR (52/52 wks),1,3,1,33.33%,1,1,Month 6,1
Japanese Encephalitis,2025,COMPLETE_YEAR (52/52 wks),1,1,0,0.00%,1,1,Month 12,1
Japanese Encephalitis,2026_YTD,PARTIAL_YTD (W01-W32),0,0,0,0.00%,0,0,None,0
Japanese Encephalitis,TOTAL_2022_2025,PRIMARY_COMPARISON_BASELINE (4 Years),2,4,1,25.00%,2,2,Month 6,1
Japanese Encephalitis,GRAND_TOTAL,ENTIRE_SURVEILLANCE_ARCHIVE (2022-2026),2,4,1,25.00%,2,2,Month 6,1
Typhoid,2022,COMPLETE_YEAR (52/52 wks),0,0,0,0.00%,0,0,None,0
Typhoid,2023,COMPLETE_AS_PUBLISHED (49 wks official),0,0,0,0.00%,0,0,None,0
Typhoid,2024,COMPLETE_YEAR (52/52 wks),1,14,0,0.00%,1,1,Month 6,1
Typhoid,2025,COMPLETE_YEAR (52/52 wks),1,30,0,0.00%,1,1,Month 2,1
Typhoid,2026_YTD,PARTIAL_YTD (W01-W32),1,111,0,0.00%,1,1,Month 6,1
Typhoid,TOTAL_2022_2025,PRIMARY_COMPARISON_BASELINE (4 Years),2,44,0,0.00%,2,2,Month 2,1
Typhoid,GRAND_TOTAL,ENTIRE_SURVEILLANCE_ARCHIVE (2022-2026),3,155,0,0.00%,3,3,Month 6,2
Dysentery,2022,COMPLETE_YEAR (52/52 wks),0,0,0,0.00%,0,0,None,0
Dysentery,2023,COMPLETE_AS_PUBLISHED (49 wks official),0,0,0,0.00%,0,0,None,0
Dysentery,2024,COMPLETE_YEAR (52/52 wks),1,98,0,0.00%,1,1,Month 7,1
Dysentery,2025,COMPLETE_YEAR (52/52 wks),1,107,0,0.00%,1,1,Month 10,1
Dysentery,2026_YTD,PARTIAL_YTD (W01-W32),0,0,0,0.00%,0,0,None,0
Dysentery,TOTAL_2022_2025,PRIMARY_COMPARISON_BASELINE (4 Years),2,205,0,0.00%,2,2,Month 7,1
Dysentery,GRAND_TOTAL,ENTIRE_SURVEILLANCE_ARCHIVE (2022-2026),2,205,0,0.00%,2,2,Month 7,1
Human Rabies,2022,COMPLETE_YEAR (52/52 wks),0,0,0,0.00%,0,0,None,0
Human Rabies,2023,COMPLETE_AS_PUBLISHED (49 wks official),0,0,0,0.00%,0,0,None,0
Human Rabies,2024,COMPLETE_YEAR (52/52 wks),1,1,1,100.00%,1,1,Month 12,1
Human Rabies,2025,COMPLETE_YEAR (52/52 wks),1,1,1,100.00%,1,1,Month 5,1
Human Rabies,2026_YTD,PARTIAL_YTD (W01-W32),1,1,1,100.00%,1,1,Month 7,1
Human Rabies,TOTAL_2022_2025,PRIMARY_COMPARISON_BASELINE (4 Years),2,2,2,100.00%,1,2,Month 5,1
Human Rabies,GRAND_TOTAL,ENTIRE_SURVEILLANCE_ARCHIVE (2022-2026),3,3,3,100.00%,2,3,Month 5,1
Hand Foot Mouth Disease,2022,COMPLETE_YEAR (52/52 wks),1,19,0,0.00%,1,1,Month 9,1
Hand Foot Mouth Disease,2023,COMPLETE_AS_PUBLISHED (49 wks official),0,0,0,0.00%,0,0,None,0
Hand Foot Mouth Disease,2024,COMPLETE_YEAR (52/52 wks),0,0,0,0.00%,0,0,None,0
Hand Foot Mouth Disease,2025,COMPLETE_YEAR (52/52 wks),0,0,0,0.00%,0,0,None,0
Hand Foot Mouth Disease,2026_YTD,PARTIAL_YTD (W01-W32),0,0,0,0.00%,0,0,None,0
Hand Foot Mouth Disease,TOTAL_2022_2025,PRIMARY_COMPARISON_BASELINE (4 Years),1,19,0,0.00%,1,1,Month 9,1
Hand Foot Mouth Disease,GRAND_TOTAL,ENTIRE_SURVEILLANCE_ARCHIVE (2022-2026),1,19,0,0.00%,1,1,Month 9,1
Hepatitis A & E Co-reporting,2022,COMPLETE_YEAR (52/52 wks),0,0,0,0.00%,0,0,None,0
Hepatitis A & E Co-reporting,2023,COMPLETE_AS_PUBLISHED (49 wks official),0,0,0,0.00%,0,0,None,0
Hepatitis A & E Co-reporting,2024,COMPLETE_YEAR (52/52 wks),1,101,0,0.00%,1,1,Month 2,1
Hepatitis A & E Co-reporting,2025,COMPLETE_YEAR (52/52 wks),0,0,0,0.00%,0,0,None,0
Hepatitis A & E Co-reporting,2026_YTD,PARTIAL_YTD (W01-W32),1,23,0,0.00%,1,1,Month 6,1
Hepatitis A & E Co-reporting,TOTAL_2022_2025,PRIMARY_COMPARISON_BASELINE (4 Years),1,101,0,0.00%,1,1,Month 2,1
Hepatitis A & E Co-reporting,GRAND_TOTAL,ENTIRE_SURVEILLANCE_ARCHIVE (2022-2026),2,124,0,0.00%,1,2,Month 2,1
Hepatitis (Unspecified/Suspected),2022,COMPLETE_YEAR (52/52 wks),0,0,0,0.00%,0,0,None,0
Hepatitis (Unspecified/Suspected),2023,COMPLETE_AS_PUBLISHED (49 wks official),0,0,0,0.00%,0,0,None,0
Hepatitis (Unspecified/Suspected),2024,COMPLETE_YEAR (52/52 wks),1,24,0,0.00%,1,1,Month 5,1
Hepatitis (Unspecified/Suspected),2025,COMPLETE_YEAR (52/52 wks),0,0,0,0.00%,0,0,None,0
Hepatitis (Unspecified/Suspected),2026_YTD,PARTIAL_YTD (W01-W32),0,0,0,0.00%,0,0,None,0
Hepatitis (Unspecified/Suspected),TOTAL_2022_2025,PRIMARY_COMPARISON_BASELINE (4 Years),1,24,0,0.00%,1,1,Month 5,1
Hepatitis (Unspecified/Suspected),GRAND_TOTAL,ENTIRE_SURVEILLANCE_ARCHIVE (2022-2026),1,24,0,0.00%,1,1,Month 5,1
Pertussis,2022,COMPLETE_YEAR (52/52 wks),0,0,0,0.00%,0,0,None,0
Pertussis,2023,COMPLETE_AS_PUBLISHED (49 wks official),0,0,0,0.00%,0,0,None,0
Pertussis,2024,COMPLETE_YEAR (52/52 wks),1,9,0,0.00%,1,1,Month 6,1
Pertussis,2025,COMPLETE_YEAR (52/52 wks),0,0,0,0.00%,0,0,None,0
Pertussis,2026_YTD,PARTIAL_YTD (W01-W32),0,0,0,0.00%,0,0,None,0
Pertussis,TOTAL_2022_2025,PRIMARY_COMPARISON_BASELINE (4 Years),1,9,0,0.00%,1,1,Month 6,1
Pertussis,GRAND_TOTAL,ENTIRE_SURVEILLANCE_ARCHIVE (2022-2026),1,9,0,0.00%,1,1,Month 6,1
Jaundice (Syndromic),2022,COMPLETE_YEAR (52/52 wks),0,0,0,0.00%,0,0,None,0
Jaundice (Syndromic),2023,COMPLETE_AS_PUBLISHED (49 wks official),0,0,0,0.00%,0,0,None,0
Jaundice (Syndromic),2024,COMPLETE_YEAR (52/52 wks),0,0,0,0.00%,0,0,None,0
Jaundice (Syndromic),2025,COMPLETE_YEAR (52/52 wks),1,12,0,0.00%,1,1,Month 2,1
Jaundice (Syndromic),2026_YTD,PARTIAL_YTD (W01-W32),1,28,0,0.00%,1,1,Month 3,1
Jaundice (Syndromic),TOTAL_2022_2025,PRIMARY_COMPARISON_BASELINE (4 Years),1,12,0,0.00%,1,1,Month 2,1
Jaundice (Syndromic),GRAND_TOTAL,ENTIRE_SURVEILLANCE_ARCHIVE (2022-2026),2,40,0,0.00%,2,2,Month 2,1
Fever with Rash (Syndromic),2022,COMPLETE_YEAR (52/52 wks),0,0,0,0.00%,0,0,None,0
Fever with Rash (Syndromic),2023,COMPLETE_AS_PUBLISHED (49 wks official),0,0,0,0.00%,0,0,None,0
Fever with Rash (Syndromic),2024,COMPLETE_YEAR (52/52 wks),0,0,0,0.00%,0,0,None,0
Fever with Rash (Syndromic),2025,COMPLETE_YEAR (52/52 wks),1,13,0,0.00%,1,1,Month 3,1
Fever with Rash (Syndromic),2026_YTD,PARTIAL_YTD (W01-W32),1,6,0,0.00%,1,1,Month 2,1
Fever with Rash (Syndromic),TOTAL_2022_2025,PRIMARY_COMPARISON_BASELINE (4 Years),1,13,0,0.00%,1,1,Month 3,1
Fever with Rash (Syndromic),GRAND_TOTAL,ENTIRE_SURVEILLANCE_ARCHIVE (2022-2026),2,19,0,0.00%,2,2,Month 2,1
Hepatitis E,2022,COMPLETE_YEAR (52/52 wks),0,0,0,0.00%,0,0,None,0
Hepatitis E,2023,COMPLETE_AS_PUBLISHED (49 wks official),0,0,0,0.00%,0,0,None,0
Hepatitis E,2024,COMPLETE_YEAR (52/52 wks),0,0,0,0.00%,0,0,None,0
Hepatitis E,2025,COMPLETE_YEAR (52/52 wks),0,0,0,0.00%,0,0,None,0
Hepatitis E,2026_YTD,PARTIAL_YTD (W01-W32),1,38,0,0.00%,1,1,Month 6,1
Hepatitis E,TOTAL_2022_2025,PRIMARY_COMPARISON_BASELINE (4 Years),0,0,0,0.00%,0,0,None,0
Hepatitis E,GRAND_TOTAL,ENTIRE_SURVEILLANCE_ARCHIVE (2022-2026),1,38,0,0.00%,1,1,Month 6,1