disease_family,records_2022_2025,complete_years_present,epi_weeks_2022_2025,calendar_months_2022_2025,districts_2022_2025,crit_multi_year_presence,crit_record_volume,crit_temporal_weeks,crit_calendar_months,crit_district_spread,crit_etiological_validity,screening_classification,exact_inclusion_or_failure_reason,recommended_analytical_role
Dengue,204,"4/4 (2022,2023,2024,2025)",44/52,12/12,31/36,PASS_PRIMARY (4/4),PASS_PRIMARY (>=40),PASS_PRIMARY (>=20),PASS_PRIMARY (>=10),PASS_PRIMARY (>=10),PASS,Eligible for primary seasonal analysis,"Exceeds all primary thresholds: 4/4 complete years (4/4), 204 records (>=40), 44 epi weeks (>=20), 12/12 months (>=10), 31/36 districts (>=10)",Primary Seasonal Analysis Candidate (Full STL / Monthly Index / Fourier Modelling)
Acute Diarrheal Disease,153,"4/4 (2022,2023,2024,2025)",45/52,12/12,33/36,PASS_PRIMARY (4/4),PASS_PRIMARY (>=40),PASS_PRIMARY (>=20),PASS_PRIMARY (>=10),PASS_PRIMARY (>=10),PASS,Eligible for primary seasonal analysis,"Exceeds all primary thresholds: 4/4 complete years (4/4), 153 records (>=40), 45 epi weeks (>=20), 12/12 months (>=10), 33/36 districts (>=10)",Primary Seasonal Analysis Candidate (Full STL / Monthly Index / Fourier Modelling)
Malaria,70,"4/4 (2022,2023,2024,2025)",32/52,12/12,15/36,PASS_PRIMARY (4/4),PASS_PRIMARY (>=40),PASS_PRIMARY (>=20),PASS_PRIMARY (>=10),PASS_PRIMARY (>=10),PASS,Eligible for primary seasonal analysis,"Exceeds all primary thresholds: 4/4 complete years (4/4), 70 records (>=40), 32 epi weeks (>=20), 12/12 months (>=10), 15/36 districts (>=10)",Primary Seasonal Analysis Candidate (Full STL / Monthly Index / Fourier Modelling)
Food Poisoning,69,"4/4 (2022,2023,2024,2025)",33/52,11/12,27/36,PASS_PRIMARY (4/4),PASS_PRIMARY (>=40),PASS_PRIMARY (>=20),PASS_PRIMARY (>=10),PASS_PRIMARY (>=10),PASS,Eligible for primary seasonal analysis,"Exceeds all primary thresholds: 4/4 complete years (4/4), 69 records (>=40), 33 epi weeks (>=20), 11/12 months (>=10), 27/36 districts (>=10)",Primary Seasonal Analysis Candidate (Full STL / Monthly Index / Fourier Modelling)
Chikungunya,43,"4/4 (2022,2023,2024,2025)",27/52,12/12,15/36,PASS_PRIMARY (4/4),PASS_PRIMARY (>=40),PASS_PRIMARY (>=20),PASS_PRIMARY (>=10),PASS_PRIMARY (>=10),PASS,Eligible for primary seasonal analysis,"Exceeds all primary thresholds: 4/4 complete years (4/4), 43 records (>=40), 27 epi weeks (>=20), 12/12 months (>=10), 15/36 districts (>=10)",Primary Seasonal Analysis Candidate (Full STL / Monthly Index / Fourier Modelling)
Hepatitis A,29,"3/4 (2023,2024,2025)",22/52,12/12,9/36,PASS_SECONDARY (3/4),PASS_SECONDARY (>=10),PASS_PRIMARY (>=20),PASS_PRIMARY (>=10),PASS_SECONDARY (>=5),PASS,Eligible for secondary/supporting analysis,"Meets secondary criteria (>=3 yrs, >=10 recs, >=10 wks, >=6 mos, >=5 dists). Fails primary on: years 3/4 (<4), records 29 (<40), districts 9 (<10)",Secondary / Supporting Seasonal Analysis (Exploratory / Caveated Seasonal Indicators)
Fever / PUO (Syndromic),28,"3/4 (2022,2023,2025)",15/52,8/12,16/36,PASS_SECONDARY (3/4),PASS_SECONDARY (>=10),PASS_SECONDARY (>=10),PASS_SECONDARY (>=6),PASS_PRIMARY (>=10),FAIL_SYNDROMIC,Requires label review,Non-specific syndromic clinical presentation without microbiological pathogen identification; intermittent year coverage,Clinical surveillance audit only; ineligible for pathogen-specific seasonal baseline
Cholera,27,"3/4 (2022,2024,2025)",15/52,8/12,14/36,PASS_SECONDARY (3/4),PASS_SECONDARY (>=10),PASS_SECONDARY (>=10),PASS_SECONDARY (>=6),PASS_PRIMARY (>=10),PASS,Eligible for secondary/supporting analysis,"Meets secondary criteria (>=3 yrs, >=10 recs, >=10 wks, >=6 mos, >=5 dists). Fails primary on: years 3/4 (<4), records 27 (<40), weeks 15 (<20), months 8 (<10)",Secondary / Supporting Seasonal Analysis (Exploratory / Caveated Seasonal Indicators)
Zika Virus,27,"2/4 (2023,2024)",14/52,5/12,5/36,FAIL (2/4),PASS_SECONDARY (>=10),PASS_SECONDARY (>=10),FAIL (5<6),PASS_SECONDARY (>=5),PASS,Insufficient data,Fails minimum statistical threshold for seasonal modeling: years present 2/4 (<3 minimum); calendar months 5 (<6 minimum),Descriptive surveillance summary only; unsuitable for seasonal pattern estimation
Measles,16,"3/4 (2022,2023,2025)",13/52,7/12,6/36,PASS_SECONDARY (3/4),PASS_SECONDARY (>=10),PASS_SECONDARY (>=10),PASS_SECONDARY (>=6),PASS_SECONDARY (>=5),PASS,Eligible for secondary/supporting analysis,"Meets secondary criteria (>=3 yrs, >=10 recs, >=10 wks, >=6 mos, >=5 dists). Fails primary on: years 3/4 (<4), records 16 (<40), weeks 13 (<20), months 7 (<10), districts 6 (<10)",Secondary / Supporting Seasonal Analysis (Exploratory / Caveated Seasonal Indicators)
Scrub Typhus,13,"4/4 (2022,2023,2024,2025)",11/52,7/12,7/36,PASS_PRIMARY (4/4),PASS_SECONDARY (>=10),PASS_SECONDARY (>=10),PASS_SECONDARY (>=6),PASS_SECONDARY (>=5),PASS,Eligible for secondary/supporting analysis,"Meets secondary criteria (>=3 yrs, >=10 recs, >=10 wks, >=6 mos, >=5 dists). Fails primary on: records 13 (<40), weeks 11 (<20), months 7 (<10), districts 7 (<10)",Secondary / Supporting Seasonal Analysis (Exploratory / Caveated Seasonal Indicators)
Dengue & Chikungunya Co-reporting,11,"4/4 (2022,2023,2024,2025)",10/52,8/12,7/36,PASS_PRIMARY (4/4),PASS_SECONDARY (>=10),PASS_SECONDARY (>=10),PASS_SECONDARY (>=6),PASS_SECONDARY (>=5),FAIL_COMBINATION,Combination/non-comparable,Multi-pathogen co-reported record; cannot be merged into single-pathogen seasonal baseline without distortion,Exclude from single-disease seasonal decomposition; preserve as distinct co-reporting surveillance indicator
Leptospirosis,10,"4/4 (2022,2023,2024,2025)",9/52,7/12,7/36,PASS_PRIMARY (4/4),PASS_SECONDARY (>=10),FAIL (9<10),PASS_SECONDARY (>=6),PASS_SECONDARY (>=5),PASS,Insufficient data,Fails minimum statistical threshold for seasonal modeling: epi weeks 9 (<10 minimum),Descriptive surveillance summary only; unsuitable for seasonal pattern estimation
Chickenpox,5,"3/4 (2022,2024,2025)",5/52,4/12,5/36,PASS_SECONDARY (3/4),FAIL (5<10),FAIL (5<10),FAIL (4<6),PASS_SECONDARY (>=5),PASS,Insufficient data,Fails minimum statistical threshold for seasonal modeling: record volume 5 (<10 minimum); epi weeks 5 (<10 minimum); calendar months 4 (<6 minimum),Descriptive surveillance summary only; unsuitable for seasonal pattern estimation
Acute Gastroenteritis,5,"2/4 (2024,2025)",5/52,5/12,3/36,FAIL (2/4),FAIL (5<10),FAIL (5<10),FAIL (5<6),FAIL (3<5),PASS,Insufficient data,Fails minimum statistical threshold for seasonal modeling: years present 2/4 (<3 minimum); record volume 5 (<10 minimum); epi weeks 5 (<10 minimum); calendar months 5 (<6 minimum); districts 3 (<5 minimum),Descriptive surveillance summary only; unsuitable for seasonal pattern estimation
Acute Encephalitis Syndrome (AES),3,"2/4 (2023,2025)",3/52,2/12,2/36,FAIL (2/4),FAIL (3<10),FAIL (3<10),FAIL (2<6),FAIL (2<5),FAIL_SYNDROMIC,Insufficient data,Fails minimum statistical threshold for seasonal modeling: years present 2/4 (<3 minimum); record volume 3 (<10 minimum); epi weeks 3 (<10 minimum); calendar months 2 (<6 minimum); districts 2 (<5 minimum),Descriptive surveillance summary only; unsuitable for seasonal pattern estimation
Measles & Rubella Co-reporting,2,"2/4 (2022,2023)",2/52,2/12,1/36,FAIL (2/4),FAIL (2<10),FAIL (2<10),FAIL (2<6),FAIL (1<5),FAIL_COMBINATION,Combination/non-comparable,Multi-pathogen co-reported record; cannot be merged into single-pathogen seasonal baseline without distortion,Exclude from single-disease seasonal decomposition; preserve as distinct co-reporting surveillance indicator
Dengue & Malaria Co-reporting,2,"2/4 (2022,2025)",2/52,2/12,2/36,FAIL (2/4),FAIL (2<10),FAIL (2<10),FAIL (2<6),FAIL (2<5),FAIL_COMBINATION,Combination/non-comparable,Multi-pathogen co-reported record; cannot be merged into single-pathogen seasonal baseline without distortion,Exclude from single-disease seasonal decomposition; preserve as distinct co-reporting surveillance indicator
Mumps,2,"2/4 (2023,2024)",2/52,2/12,2/36,FAIL (2/4),FAIL (2<10),FAIL (2<10),FAIL (2<6),FAIL (2<5),PASS,Insufficient data,Fails minimum statistical threshold for seasonal modeling: years present 2/4 (<3 minimum); record volume 2 (<10 minimum); epi weeks 2 (<10 minimum); calendar months 2 (<6 minimum); districts 2 (<5 minimum),Descriptive surveillance summary only; unsuitable for seasonal pattern estimation
Japanese Encephalitis,2,"2/4 (2024,2025)",2/52,2/12,2/36,FAIL (2/4),FAIL (2<10),FAIL (2<10),FAIL (2<6),FAIL (2<5),PASS,Insufficient data,Fails minimum statistical threshold for seasonal modeling: years present 2/4 (<3 minimum); record volume 2 (<10 minimum); epi weeks 2 (<10 minimum); calendar months 2 (<6 minimum); districts 2 (<5 minimum),Descriptive surveillance summary only; unsuitable for seasonal pattern estimation
Typhoid,2,"2/4 (2024,2025)",2/52,2/12,2/36,FAIL (2/4),FAIL (2<10),FAIL (2<10),FAIL (2<6),FAIL (2<5),PASS,Insufficient data,Fails minimum statistical threshold for seasonal modeling: years present 2/4 (<3 minimum); record volume 2 (<10 minimum); epi weeks 2 (<10 minimum); calendar months 2 (<6 minimum); districts 2 (<5 minimum),Descriptive surveillance summary only; unsuitable for seasonal pattern estimation
Dysentery,2,"2/4 (2024,2025)",2/52,2/12,2/36,FAIL (2/4),FAIL (2<10),FAIL (2<10),FAIL (2<6),FAIL (2<5),PASS,Insufficient data,Fails minimum statistical threshold for seasonal modeling: years present 2/4 (<3 minimum); record volume 2 (<10 minimum); epi weeks 2 (<10 minimum); calendar months 2 (<6 minimum); districts 2 (<5 minimum),Descriptive surveillance summary only; unsuitable for seasonal pattern estimation
Human Rabies,2,"2/4 (2024,2025)",2/52,2/12,1/36,FAIL (2/4),FAIL (2<10),FAIL (2<10),FAIL (2<6),FAIL (1<5),PASS,Insufficient data,Fails minimum statistical threshold for seasonal modeling: years present 2/4 (<3 minimum); record volume 2 (<10 minimum); epi weeks 2 (<10 minimum); calendar months 2 (<6 minimum); districts 1 (<5 minimum),Descriptive surveillance summary only; unsuitable for seasonal pattern estimation
Hand Foot Mouth Disease,1,1/4 (2022),1/52,1/12,1/36,FAIL (1/4),FAIL (1<10),FAIL (1<10),FAIL (1<6),FAIL (1<5),PASS,Insufficient data,Fails minimum statistical threshold for seasonal modeling: years present 1/4 (<3 minimum); record volume 1 (<10 minimum); epi weeks 1 (<10 minimum); calendar months 1 (<6 minimum); districts 1 (<5 minimum),Descriptive surveillance summary only; unsuitable for seasonal pattern estimation
Hepatitis A & E Co-reporting,1,1/4 (2024),1/52,1/12,1/36,FAIL (1/4),FAIL (1<10),FAIL (1<10),FAIL (1<6),FAIL (1<5),FAIL_COMBINATION,Combination/non-comparable,Multi-pathogen co-reported record; cannot be merged into single-pathogen seasonal baseline without distortion,Exclude from single-disease seasonal decomposition; preserve as distinct co-reporting surveillance indicator
Hepatitis (Unspecified/Suspected),1,1/4 (2024),1/52,1/12,1/36,FAIL (1/4),FAIL (1<10),FAIL (1<10),FAIL (1<6),FAIL (1<5),PASS,Insufficient data,Fails minimum statistical threshold for seasonal modeling: years present 1/4 (<3 minimum); record volume 1 (<10 minimum); epi weeks 1 (<10 minimum); calendar months 1 (<6 minimum); districts 1 (<5 minimum),Descriptive surveillance summary only; unsuitable for seasonal pattern estimation
Pertussis,1,1/4 (2024),1/52,1/12,1/36,FAIL (1/4),FAIL (1<10),FAIL (1<10),FAIL (1<6),FAIL (1<5),PASS,Insufficient data,Fails minimum statistical threshold for seasonal modeling: years present 1/4 (<3 minimum); record volume 1 (<10 minimum); epi weeks 1 (<10 minimum); calendar months 1 (<6 minimum); districts 1 (<5 minimum),Descriptive surveillance summary only; unsuitable for seasonal pattern estimation
Jaundice (Syndromic),1,1/4 (2025),1/52,1/12,1/36,FAIL (1/4),FAIL (1<10),FAIL (1<10),FAIL (1<6),FAIL (1<5),FAIL_SYNDROMIC,Requires label review,Non-specific syndromic clinical presentation without microbiological pathogen identification; intermittent year coverage,Clinical surveillance audit only; ineligible for pathogen-specific seasonal baseline
Fever with Rash (Syndromic),1,1/4 (2025),1/52,1/12,1/36,FAIL (1/4),FAIL (1<10),FAIL (1<10),FAIL (1<6),FAIL (1<5),FAIL_SYNDROMIC,Requires label review,Non-specific syndromic clinical presentation without microbiological pathogen identification; intermittent year coverage,Clinical surveillance audit only; ineligible for pathogen-specific seasonal baseline
Hepatitis E,0,0/4 (),0/52,0/12,0/36,FAIL (0/4),FAIL (0<10),FAIL (0<10),FAIL (0<6),FAIL (0<5),PASS,Insufficient data,Fails minimum statistical threshold for seasonal modeling: years present 0/4 (<3 minimum); record volume 0 (<10 minimum); epi weeks 0 (<10 minimum); calendar months 0 (<6 minimum); districts 0 (<5 minimum),Descriptive surveillance summary only; unsuitable for seasonal pattern estimation