disease_family,status_2022_2025,status_with_2026_ytd,classification_changed,records_2022_2025,records_2026_ytd,records_total,pct_records_in_2026,districts_2022_2025,districts_all,seasonal_peak_distortion_risk,reporting_shift_detected,bias_audit_verdict_and_action
Dengue,Eligible for primary seasonal analysis,Eligible for primary seasonal analysis,NO,204,6,210,2.9%,31,31,HIGH (Severe late-year peak truncation; Weeks 33-52 absent in 2026),None,Preserve 2022-2025 baseline; isolate 2026 for out-of-sample forward evaluation only.
Acute Diarrheal Disease,Eligible for primary seasonal analysis,Eligible for primary seasonal analysis,NO,153,18,171,10.5%,33,33,MODERATE (Orthographic split artifact),"100% of 2026 ADD records (18/18) reported under British spelling ""Acute Diarrhoeal Disease""",Preserve 2022-2025 baseline; isolate 2026 for out-of-sample forward evaluation only.
Malaria,Eligible for primary seasonal analysis,Eligible for primary seasonal analysis,NO,70,1,71,1.4%,15,15,LOW,None,Preserve 2022-2025 baseline; isolate 2026 for out-of-sample forward evaluation only.
Food Poisoning,Eligible for primary seasonal analysis,Eligible for primary seasonal analysis,NO,69,19,88,21.6%,27,30,MODERATE (Administrative confirmation category shift),"100% of 2026 food poisoning records (19/19) reported under suspected prefix ""Suspected Food Poisoning""",Preserve 2022-2025 baseline; isolate 2026 for out-of-sample forward evaluation only.
Chikungunya,Eligible for primary seasonal analysis,Eligible for primary seasonal analysis,NO,43,1,44,2.3%,15,15,HIGH (Severe late-year peak truncation; Weeks 33-52 absent in 2026),None,Preserve 2022-2025 baseline; isolate 2026 for out-of-sample forward evaluation only.
Hepatitis A,Eligible for secondary/supporting analysis,Eligible for secondary/supporting analysis,NO,29,4,33,12.1%,9,12,LOW,None,Preserve 2022-2025 baseline; isolate 2026 for out-of-sample forward evaluation only.
Fever / PUO (Syndromic),Requires label review,Requires label review,NO,28,2,30,6.7%,16,17,LOW,None,Preserve 2022-2025 baseline; isolate 2026 for out-of-sample forward evaluation only.
Cholera,Eligible for secondary/supporting analysis,Eligible for secondary/supporting analysis,NO,27,0,27,0.0%,14,14,LOW,None,Preserve 2022-2025 baseline; isolate 2026 for out-of-sample forward evaluation only.
Zika Virus,Insufficient data,Insufficient data,NO,27,0,27,0.0%,5,5,LOW,None,Preserve 2022-2025 baseline; isolate 2026 for out-of-sample forward evaluation only.
Measles,Eligible for secondary/supporting analysis,Eligible for secondary/supporting analysis,NO,16,14,30,46.7%,6,8,HIGH (Acute localized early-year surge in 2026 Chhatrapati Sambhajinagar distorts baseline),Contains malformed boundary unstripped label in 2026 W09,Preserve 2022-2025 baseline; isolate 2026 for out-of-sample forward evaluation only.
Scrub Typhus,Eligible for secondary/supporting analysis,Eligible for secondary/supporting analysis,NO,13,0,13,0.0%,7,7,LOW,None,Preserve 2022-2025 baseline; isolate 2026 for out-of-sample forward evaluation only.
Dengue & Chikungunya Co-reporting,Combination/non-comparable,Combination/non-comparable,NO,11,0,11,0.0%,7,7,LOW,None,Preserve 2022-2025 baseline; isolate 2026 for out-of-sample forward evaluation only.
Leptospirosis,Insufficient data,Insufficient data,NO,10,0,10,0.0%,7,7,LOW,None,Preserve 2022-2025 baseline; isolate 2026 for out-of-sample forward evaluation only.
Chickenpox,Insufficient data,Insufficient data,NO,5,1,6,16.7%,5,6,LOW,None,Preserve 2022-2025 baseline; isolate 2026 for out-of-sample forward evaluation only.
Acute Gastroenteritis,Insufficient data,Insufficient data,NO,5,4,9,44.4%,3,5,LOW,None,Preserve 2022-2025 baseline; isolate 2026 for out-of-sample forward evaluation only.
Acute Encephalitis Syndrome (AES),Insufficient data,Insufficient data,NO,3,0,3,0.0%,2,2,LOW,None,Preserve 2022-2025 baseline; isolate 2026 for out-of-sample forward evaluation only.
Measles & Rubella Co-reporting,Combination/non-comparable,Combination/non-comparable,NO,2,0,2,0.0%,1,1,LOW,None,Preserve 2022-2025 baseline; isolate 2026 for out-of-sample forward evaluation only.
Dengue & Malaria Co-reporting,Combination/non-comparable,Combination/non-comparable,NO,2,0,2,0.0%,2,2,LOW,None,Preserve 2022-2025 baseline; isolate 2026 for out-of-sample forward evaluation only.
Mumps,Insufficient data,Insufficient data,NO,2,0,2,0.0%,2,2,LOW,None,Preserve 2022-2025 baseline; isolate 2026 for out-of-sample forward evaluation only.
Japanese Encephalitis,Insufficient data,Insufficient data,NO,2,0,2,0.0%,2,2,LOW,None,Preserve 2022-2025 baseline; isolate 2026 for out-of-sample forward evaluation only.
Typhoid,Insufficient data,Insufficient data,NO,2,1,3,33.3%,2,3,MODERATE,"2026 record reported as ""Suspected Typhoid"" (zero in 2022-2025)",Preserve 2022-2025 baseline; isolate 2026 for out-of-sample forward evaluation only.
Dysentery,Insufficient data,Insufficient data,NO,2,0,2,0.0%,2,2,LOW,None,Preserve 2022-2025 baseline; isolate 2026 for out-of-sample forward evaluation only.
Human Rabies,Insufficient data,Insufficient data,NO,2,1,3,33.3%,1,2,LOW,None,Preserve 2022-2025 baseline; isolate 2026 for out-of-sample forward evaluation only.
Hand Foot Mouth Disease,Insufficient data,Insufficient data,NO,1,0,1,0.0%,1,1,LOW,None,Preserve 2022-2025 baseline; isolate 2026 for out-of-sample forward evaluation only.
Hepatitis A & E Co-reporting,Combination/non-comparable,Combination/non-comparable,NO,1,1,2,50.0%,1,1,LOW,None,Preserve 2022-2025 baseline; isolate 2026 for out-of-sample forward evaluation only.
Hepatitis (Unspecified/Suspected),Insufficient data,Insufficient data,NO,1,0,1,0.0%,1,1,LOW,None,Preserve 2022-2025 baseline; isolate 2026 for out-of-sample forward evaluation only.
Pertussis,Insufficient data,Insufficient data,NO,1,0,1,0.0%,1,1,LOW,None,Preserve 2022-2025 baseline; isolate 2026 for out-of-sample forward evaluation only.
Jaundice (Syndromic),Requires label review,Requires label review,NO,1,1,2,50.0%,1,2,LOW,None,Preserve 2022-2025 baseline; isolate 2026 for out-of-sample forward evaluation only.
Fever with Rash (Syndromic),Requires label review,Requires label review,NO,1,1,2,50.0%,1,2,LOW,None,Preserve 2022-2025 baseline; isolate 2026 for out-of-sample forward evaluation only.
Hepatitis E,Insufficient data,Insufficient data,NO,0,1,1,100.0%,0,1,HIGH (Isolated single event in partial year),Single solitary outbreak in dataset occurs in 2026 W23 (zero in 2022-2025),Preserve 2022-2025 baseline; isolate 2026 for out-of-sample forward evaluation only.