disease_family,month,month_name,mean_annual_event_share,event_seasonal_index,mean_annual_case_share,case_seasonal_index
Dengue,1,Jan,0.014308608058608058,0.1717032967032967,0.01916633221162257,0.22999598653947087
Dengue,2,Feb,0.007936507936507936,0.09523809523809523,0.004098360655737705,0.049180327868852465
Dengue,3,Mar,0.028373015873015873,0.3404761904761905,0.03895926477893691,0.4675111773472429
Dengue,4,Apr,0.06532401422107305,0.7838881706528766,0.05571866521839422,0.6686239826207306
Dengue,5,May,0.11733193277310924,1.407983193277311,0.0976597719346628,1.1719172632159536
Dengue,6,Jun,0.11994137398549162,1.4392964878258996,0.12029482719462811,1.4435379263355375
Dengue,7,Jul,0.10744137398549164,1.2892964878258997,0.12599336935365837,1.5119204322439006
Dengue,8,Aug,0.12281207354736767,1.473744882568412,0.17499831168096194,2.0999797401715434
Dengue,9,Sep,0.1641106442577031,1.9693277310924373,0.14224875608672163,1.7069850730406597
Dengue,10,Oct,0.1605010593981182,1.9260127127774185,0.17063055631103424,2.047566675732411
Dengue,11,Nov,0.08554729584141349,1.026567550096962,0.04558131582203349,0.5469757898644019
Dengue,12,Dec,0.006372100122100122,0.07646520146520147,0.004650468751607957,0.055805625019295486
Acute Diarrheal Disease,1,Jan,0.01329225352112676,0.15950704225352114,0.008627337539806785,0.10352805047768142
Acute Diarrheal Disease,2,Feb,0.046772300469483566,0.5612676056338028,0.10221622797780297,1.2265947357336358
Acute Diarrheal Disease,3,Mar,0.057482394366197176,0.6897887323943661,0.04239087619094512,0.5086905142913415
Acute Diarrheal Disease,4,Apr,0.02658450704225352,0.3190140845070423,0.011738686956601494,0.14086424347921794
Acute Diarrheal Disease,5,May,0.030702269170579027,0.36842723004694833,0.03980676980768731,0.47768123769224774
Acute Diarrheal Disease,6,Jun,0.1564945226917058,1.8779342723004697,0.1329396107941475,1.5952753295297701
Acute Diarrheal Disease,7,Jul,0.12216353677621283,1.465962441314554,0.10563853851951668,1.2676624622342003
Acute Diarrheal Disease,8,Aug,0.1301056338028169,1.5612676056338028,0.13848747550324786,1.6618497060389743
Acute Diarrheal Disease,9,Sep,0.09682120500782473,1.161854460093897,0.10334231721714544,1.2401078066057454
Acute Diarrheal Disease,10,Oct,0.14364241001564945,1.7237089201877935,0.1417993763730409,1.701592516476491
Acute Diarrheal Disease,11,Nov,0.04736893583724569,0.5684272300469483,0.05491737025366151,0.6590084430439381
Acute Diarrheal Disease,12,Dec,0.12857003129890454,1.5428403755868545,0.11809541286639644,1.4171449543967574
Malaria,1,Jan,0.03409090909090909,0.40909090909090906,0.04760136930628068,0.5712164316753682
Malaria,2,Feb,0.045454545454545456,0.5454545454545455,0.0037889276447128075,0.045467131736553694
Malaria,3,Mar,0.03409090909090909,0.40909090909090906,0.078649138712602,0.943789664551224
Malaria,4,Apr,0.011363636363636364,0.13636363636363638,0.005666364460562103,0.06799637352674524
Malaria,5,May,0.13257575757575757,1.5909090909090908,0.238248045873413,2.858976550480956
Malaria,6,Jun,0.2239500265816055,2.6874003189792663,0.16485862961694037,1.9783035554032844
Malaria,7,Jul,0.18447634237107918,2.2137161084529504,0.12348224319573509,1.481786918348821
Malaria,8,Aug,0.0907097288676236,1.0885167464114833,0.060962924621989524,0.7315550954638743
Malaria,9,Sep,0.10027910685805423,1.203349282296651,0.10634669158187723,1.276160298982527
Malaria,10,Oct,0.039473684210526314,0.47368421052631576,0.04478827361563518,0.5374592833876222
Malaria,11,Nov,0.027777777777777776,0.3333333333333333,0.005520504731861199,0.06624605678233439
Malaria,12,Dec,0.07575757575757575,0.909090909090909,0.12008688663839086,1.4410426396606903
Food Poisoning,1,Jan,0.08396883289124668,1.0076259946949602,0.060217069705794025,0.7226048364695283
Food Poisoning,2,Feb,0.14505968169761274,1.740716180371353,0.2560647558322455,3.0727770699869463
Food Poisoning,3,Mar,0.0695181255526083,0.8342175066312997,0.05396528655269668,0.6475834386323602
Food Poisoning,4,Apr,0.11361626878868258,1.363395225464191,0.10358699993499147,1.2430439992198978
Food Poisoning,5,May,0.20916224580017684,2.509946949602122,0.2936377094898918,3.523652513878702
Food Poisoning,6,Jun,0.0997734305923961,1.1972811671087533,0.057093079098307103,0.6851169491796852
Food Poisoning,7,Jul,0.01823607427055703,0.21883289124668437,0.0047163477344001675,0.05659617281280201
Food Poisoning,8,Aug,0.03647214854111406,0.43766578249336874,0.024963527682579874,0.2995623321909585
Food Poisoning,9,Sep,0.11701480990274092,1.4041777188328912,0.04126656200584938,0.4951987440701926
Food Poisoning,10,Oct,0.038461538461538464,0.46153846153846156,0.03716467958271237,0.44597615499254845
Food Poisoning,11,Nov,0.0,0.0,0.0,0.0
Food Poisoning,12,Dec,0.06871684350132626,0.8246021220159151,0.06732398238053158,0.807887788566379
Chikungunya,1,Jan,0.03571428571428571,0.42857142857142855,0.05246913580246913,0.6296296296296297
Chikungunya,2,Feb,0.03571428571428571,0.42857142857142855,0.046296296296296294,0.5555555555555556
Chikungunya,3,Mar,0.12987012987012986,1.5584415584415583,0.06332932968781688,0.7599519562538025
Chikungunya,4,Apr,0.04707792207792208,0.564935064935065,0.03874294955232122,0.4649153946278547
Chikungunya,5,May,0.1412337662337662,1.6948051948051945,0.07619666939975685,0.9143600327970822
Chikungunya,6,Jun,0.11688311688311688,1.4025974025974026,0.0707108385728897,0.8485300628746765
Chikungunya,7,Jul,0.09415584415584416,1.12987012987013,0.05287622278581074,0.634514673429729
Chikungunya,8,Aug,0.08279220779220779,0.9935064935064936,0.08409261231412456,1.0091113477694948
Chikungunya,9,Sep,0.12987012987012986,1.5584415584415583,0.21885632563666768,2.626275907640012
Chikungunya,10,Oct,0.09415584415584416,1.12987012987013,0.20497101544744903,2.4596521853693885
Chikungunya,11,Nov,0.08116883116883117,0.974025974025974,0.08746499428075573,1.0495799313690688
Chikungunya,12,Dec,0.011363636363636364,0.13636363636363638,0.003993610223642172,0.04792332268370607
