disease_family,year,surveillance_period_status,outbreak_records,total_cases,total_deaths,active_weeks,active_months
Dengue,2022,COMPLETE_YEAR,20,242,8,14,8
Dengue,2023,COMPLETE_YEAR,104,1593,58,28,9
Dengue,2024,COMPLETE_YEAR,63,915,21,31,12
Dengue,2025,COMPLETE_YEAR,17,394,6,11,8
Dengue,2026,PARTIAL_YTD_W01_W32,6,106,0,6,4
Acute Diarrheal Disease,2022,COMPLETE_YEAR,18,834,3,15,8
Acute Diarrheal Disease,2023,COMPLETE_YEAR,24,1468,1,20,8
Acute Diarrheal Disease,2024,COMPLETE_YEAR,71,5134,13,35,12
Acute Diarrheal Disease,2025,COMPLETE_YEAR,40,1614,76,24,12
Acute Diarrheal Disease,2026,PARTIAL_YTD_W01_W32,18,864,0,11,8
Malaria,2022,COMPLETE_YEAR,11,406,8,10,6
Malaria,2023,COMPLETE_YEAR,18,317,16,14,7
Malaria,2024,COMPLETE_YEAR,22,1103,18,14,9
Malaria,2025,COMPLETE_YEAR,19,307,9,11,5
Malaria,2026,PARTIAL_YTD_W01_W32,1,65,0,1,1
Food Poisoning,2022,COMPLETE_YEAR,6,573,0,5,5
Food Poisoning,2023,COMPLETE_YEAR,8,417,0,7,6
Food Poisoning,2024,COMPLETE_YEAR,26,2684,3,18,11
Food Poisoning,2025,COMPLETE_YEAR,29,2253,26,20,10
Food Poisoning,2026,PARTIAL_YTD_W01_W32,19,1082,0,15,8
Chikungunya,2022,COMPLETE_YEAR,7,113,0,6,4
Chikungunya,2023,COMPLETE_YEAR,7,194,0,6,4
Chikungunya,2024,COMPLETE_YEAR,22,313,0,16,10
Chikungunya,2025,COMPLETE_YEAR,7,81,0,7,6
Chikungunya,2026,PARTIAL_YTD_W01_W32,1,9,0,1,1
