disease_family,month,month_name,outbreak_events,event_share_pct,total_cases,case_share_pct,mean_cases_per_event,divergence_ratio,divergence_flag,outlier_driver_note
Dengue,1,Jan,4,1.96%,71,2.26%,17.8,1.15,Balanced,
Dengue,2,Feb,2,0.98%,15,0.48%,7.5,0.49,Disproportionate Event Frequency,
Dengue,3,Mar,5,2.45%,112,3.56%,22.4,1.45,Balanced,
Dengue,4,Apr,12,5.88%,147,4.68%,12.3,0.79,Balanced,
Dengue,5,May,15,7.35%,199,6.33%,13.3,0.86,Balanced,
Dengue,6,Jun,27,13.24%,507,16.13%,18.8,1.22,Balanced,
Dengue,7,Jul,26,12.75%,497,15.81%,19.1,1.24,Balanced,
Dengue,8,Aug,20,9.80%,461,14.66%,23.1,1.50,Balanced,
Dengue,9,Sep,36,17.65%,392,12.47%,10.9,0.71,Balanced,
Dengue,10,Oct,40,19.61%,566,18.00%,14.2,0.92,Balanced,"Peak reported-event volume (40 events, 566 cases) across multiple districts; highest aggregate October in the 4-year baseline."
Dengue,11,Nov,15,7.35%,157,4.99%,10.5,0.68,Balanced,
Dengue,12,Dec,2,0.98%,20,0.64%,10.0,0.65,Disproportionate Event Frequency,
Acute Diarrheal Disease,1,Jan,3,1.96%,151,1.67%,50.3,0.85,Balanced,
Acute Diarrheal Disease,2,Feb,9,5.88%,1582,17.48%,175.8,2.97,Disproportionate Case Burden,"High case burden (1,582 cases from 9 events) driven by massive Nanded institutional outbreak (1,000 cases in W06)."
Acute Diarrheal Disease,3,Mar,14,9.15%,635,7.02%,45.4,0.77,Balanced,
Acute Diarrheal Disease,4,Apr,6,3.92%,180,1.99%,30.0,0.51,Disproportionate Event Frequency,
Acute Diarrheal Disease,5,May,5,3.27%,289,3.19%,57.8,0.98,Balanced,
Acute Diarrheal Disease,6,Jun,19,12.42%,846,9.35%,44.5,0.75,Balanced,
Acute Diarrheal Disease,7,Jul,22,14.38%,1040,11.49%,47.3,0.80,Balanced,
Acute Diarrheal Disease,8,Aug,16,10.46%,1300,14.36%,81.3,1.37,Balanced,
Acute Diarrheal Disease,9,Sep,13,8.50%,633,6.99%,48.7,0.82,Balanced,
Acute Diarrheal Disease,10,Oct,25,16.34%,1383,15.28%,55.3,0.94,Balanced,
Acute Diarrheal Disease,11,Nov,7,4.58%,493,5.45%,70.4,1.19,Balanced,
Acute Diarrheal Disease,12,Dec,14,9.15%,518,5.72%,37.0,0.63,Disproportionate Event Frequency,Mortality concentration outlier: 78 deaths out of 93 (83.9%) reported in Week 49 cluster across Chandrapur & Kolhapur.
Malaria,1,Jan,2,2.86%,198,9.28%,99.0,3.25,Disproportionate Case Burden,
Malaria,2,Feb,3,4.29%,15,0.70%,5.0,0.16,Disproportionate Event Frequency,
Malaria,3,Mar,3,4.29%,347,16.27%,115.7,3.80,Disproportionate Case Burden,
Malaria,4,Apr,1,1.43%,25,1.17%,25.0,0.82,Balanced,
Malaria,5,May,7,10.00%,374,17.53%,53.4,1.75,Disproportionate Case Burden,
Malaria,6,Jun,15,21.43%,227,10.64%,15.1,0.50,Disproportionate Event Frequency,
Malaria,7,Jul,14,20.00%,190,8.91%,13.6,0.45,Disproportionate Event Frequency,
Malaria,8,Aug,7,10.00%,108,5.06%,15.4,0.51,Disproportionate Event Frequency,
Malaria,9,Sep,7,10.00%,139,6.52%,19.9,0.65,Disproportionate Event Frequency,
Malaria,10,Oct,3,4.29%,55,2.58%,18.3,0.60,Disproportionate Event Frequency,
Malaria,11,Nov,2,2.86%,7,0.33%,3.5,0.11,Disproportionate Event Frequency,
Malaria,12,Dec,6,8.57%,448,21.00%,74.7,2.45,Disproportionate Case Burden,
Food Poisoning,1,Jan,7,10.14%,410,6.92%,58.6,0.68,Balanced,
Food Poisoning,2,Feb,11,15.94%,2162,36.48%,196.5,2.29,Disproportionate Case Burden,"Extreme case concentration: Parbhani (629, 335 cases) & Kolhapur (651 cases) banquet/canteen exposures in W06."
Food Poisoning,3,Mar,4,5.80%,199,3.36%,49.8,0.58,Disproportionate Event Frequency,
Food Poisoning,4,Apr,9,13.04%,899,15.17%,99.9,1.16,Balanced,
Food Poisoning,5,May,11,15.94%,894,15.08%,81.3,0.95,Balanced,"Balanced high activity: Peak event frequency (13 events) alongside large summer catering exposures (1,840 cases)."
Food Poisoning,6,Jun,5,7.25%,236,3.98%,47.2,0.55,Disproportionate Event Frequency,
Food Poisoning,7,Jul,2,2.90%,47,0.79%,23.5,0.27,Disproportionate Event Frequency,
Food Poisoning,8,Aug,4,5.80%,255,4.30%,63.8,0.74,Balanced,
Food Poisoning,9,Sep,7,10.14%,182,3.07%,26.0,0.30,Disproportionate Event Frequency,
Food Poisoning,10,Oct,4,5.80%,399,6.73%,99.8,1.16,Balanced,
Food Poisoning,11,Nov,0,0.00%,0,0.00%,0.0,0.00,No Outbreaks,
Food Poisoning,12,Dec,5,7.25%,244,4.12%,48.8,0.57,Disproportionate Event Frequency,
Chikungunya,1,Jan,1,2.33%,17,2.43%,17.0,1.04,Balanced,
Chikungunya,2,Feb,1,2.33%,15,2.14%,15.0,0.92,Balanced,
Chikungunya,3,Mar,5,11.63%,38,5.42%,7.6,0.47,Disproportionate Event Frequency,
Chikungunya,4,Apr,2,4.65%,17,2.43%,8.5,0.52,Disproportionate Event Frequency,
Chikungunya,5,May,6,13.95%,60,8.56%,10.0,0.61,Disproportionate Event Frequency,
Chikungunya,6,Jun,6,13.95%,76,10.84%,12.7,0.78,Balanced,
Chikungunya,7,Jul,4,9.30%,57,8.13%,14.3,0.87,Balanced,
Chikungunya,8,Aug,3,6.98%,48,6.85%,16.0,0.98,Balanced,
Chikungunya,9,Sep,5,11.63%,126,17.97%,25.2,1.55,Disproportionate Case Burden,
Chikungunya,10,Oct,4,9.30%,164,23.40%,41.0,2.51,Disproportionate Case Burden,Case surge from single Kolhapur cluster (145 cases in W42).
Chikungunya,11,Nov,5,11.63%,78,11.13%,15.6,0.96,Balanced,
Chikungunya,12,Dec,1,2.33%,5,0.71%,5.0,0.31,Disproportionate Event Frequency,
