test_id,disease_family,test_name,null_hypothesis,test_statistic_name,test_statistic_value,degrees_of_freedom,raw_p_value,bonferroni_threshold,bonferroni_significant,bh_fdr_q_value,bh_fdr_significant,methodological_guardrail
TEST-01,Dengue,Kruskal-Wallis Non-Parametric H-Test (Monthly Outbreak Counts),Weekly outbreak distribution is identical across all 12 calendar month groups,H-statistic,35.325,11,0.00022,0.00333,TRUE,0.00082,TRUE,Evaluates calendar timing differences in surveillance reporting; does not prove climate causality or clinical etiology.
TEST-02,Acute Diarrheal Disease,Kruskal-Wallis Non-Parametric H-Test (Monthly Outbreak Counts),Weekly outbreak distribution is identical across all 12 calendar month groups,H-statistic,16.251,11,0.13207,0.00333,FALSE,0.18009,FALSE,Evaluates calendar timing differences in surveillance reporting; does not prove climate causality or clinical etiology.
TEST-03,Malaria,Kruskal-Wallis Non-Parametric H-Test (Monthly Outbreak Counts),Weekly outbreak distribution is identical across all 12 calendar month groups,H-statistic,26.503,11,0.00546,0.00333,FALSE,0.01420,TRUE,Evaluates calendar timing differences in surveillance reporting; does not prove climate causality or clinical etiology.
TEST-04,Food Poisoning,Kruskal-Wallis Non-Parametric H-Test (Monthly Outbreak Counts),Weekly outbreak distribution is identical across all 12 calendar month groups,H-statistic,26.389,11,0.00568,0.00333,FALSE,0.01420,TRUE,Evaluates calendar timing differences in surveillance reporting; does not prove climate causality or clinical etiology.
TEST-05,Chikungunya,Kruskal-Wallis Non-Parametric H-Test (Monthly Outbreak Counts),Weekly outbreak distribution is identical across all 12 calendar month groups,H-statistic,12.117,11,0.35489,0.00333,FALSE,0.40949,FALSE,Evaluates calendar timing differences in surveillance reporting; does not prove climate causality or clinical etiology.
TEST-06,Dengue,Monte Carlo Permutation Test (Monthly Goodness-of-Fit Uniformity),Reported outbreak events are distributed uniformly (1/12) across calendar months,Observed Chi-Square vs Uniform,110.353,11,9.999e-5,0.00333,TRUE,0.00050,TRUE,"Monte Carlo permutation distribution (10,000 draws, deterministic seed) avoids asymptotic chi-square assumptions for sparse monthly bins. Minimum attainable p-value is 1/10001 approximately 0.0001."
TEST-07,Acute Diarrheal Disease,Monte Carlo Permutation Test (Monthly Goodness-of-Fit Uniformity),Reported outbreak events are distributed uniformly (1/12) across calendar months,Observed Chi-Square vs Uniform,42.059,11,9.999e-5,0.00333,TRUE,0.00050,TRUE,"Monte Carlo permutation distribution (10,000 draws, deterministic seed) avoids asymptotic chi-square assumptions for sparse monthly bins. Minimum attainable p-value is 1/10001 approximately 0.0001."
TEST-08,Malaria,Monte Carlo Permutation Test (Monthly Goodness-of-Fit Uniformity),Reported outbreak events are distributed uniformly (1/12) across calendar months,Observed Chi-Square vs Uniform,39.714,11,9.999e-5,0.00333,TRUE,0.00050,TRUE,"Monte Carlo permutation distribution (10,000 draws, deterministic seed) avoids asymptotic chi-square assumptions for sparse monthly bins. Minimum attainable p-value is 1/10001 approximately 0.0001."
TEST-09,Food Poisoning,Monte Carlo Permutation Test (Monthly Goodness-of-Fit Uniformity),Reported outbreak events are distributed uniformly (1/12) across calendar months,Observed Chi-Square vs Uniform,21.957,11,0.02360,0.00333,FALSE,0.04425,TRUE,"Monte Carlo permutation distribution (10,000 draws, deterministic seed) avoids asymptotic chi-square assumptions for sparse monthly bins. Minimum attainable p-value is 1/10001 approximately 0.0001."
TEST-10,Chikungunya,Monte Carlo Permutation Test (Monthly Goodness-of-Fit Uniformity),Reported outbreak events are distributed uniformly (1/12) across calendar months,Observed Chi-Square vs Uniform,11.419,11,0.41556,0.00333,FALSE,0.44524,FALSE,"Monte Carlo permutation distribution (10,000 draws, deterministic seed) avoids asymptotic chi-square assumptions for sparse monthly bins. Minimum attainable p-value is 1/10001 approximately 0.0001."
TEST-11,Dengue,Kendall's W Coefficient of Concordance (Inter-Annual Monthly Ranks),Annual 12-month outbreak rank profiles across 2022-2025 are mutually independent (no concordance),Kendall's W,0.405,11,0.08594,0.00333,FALSE,0.14324,FALSE,Assesses whether seasonal rank profile repeats across independent years.
TEST-12,Acute Diarrheal Disease,Kendall's W Coefficient of Concordance (Inter-Annual Monthly Ranks),Annual 12-month outbreak rank profiles across 2022-2025 are mutually independent (no concordance),Kendall's W,0.530,11,0.01600,0.00333,FALSE,0.03429,TRUE,Assesses whether seasonal rank profile repeats across independent years.
TEST-13,Malaria,Kendall's W Coefficient of Concordance (Inter-Annual Monthly Ranks),Annual 12-month outbreak rank profiles across 2022-2025 are mutually independent (no concordance),Kendall's W,0.319,11,0.22919,0.00333,FALSE,0.28649,FALSE,Assesses whether seasonal rank profile repeats across independent years.
TEST-14,Food Poisoning,Kendall's W Coefficient of Concordance (Inter-Annual Monthly Ranks),Annual 12-month outbreak rank profiles across 2022-2025 are mutually independent (no concordance),Kendall's W,0.386,11,0.10790,0.00333,FALSE,0.16185,FALSE,Assesses whether seasonal rank profile repeats across independent years.
TEST-15,Chikungunya,Kendall's W Coefficient of Concordance (Inter-Annual Monthly Ranks),Annual 12-month outbreak rank profiles across 2022-2025 are mutually independent (no concordance),Kendall's W,0.150,11,0.83162,0.00333,FALSE,0.83162,FALSE,Assesses whether seasonal rank profile repeats across independent years.
